uni_name,adventurous,alert,altruistic,angry,anxious,arrogant,assertive,awkward,calm,cautious,chaotic,charming,chatty,cheery,codependent,confident,confidential,cruel,decisive,diligent,disorganized,distant,dominant,emotional,extrovert,feminine,ferocious,fighter,flamboyant,flexible,forgiving,funny,generous,genuine,giving,good-humored,gossiping,heroic,hesitant,humble,humorless,ignorant,impatient,impulsive,independent,insecure,intellectual,introvert,juvenile,kind,knowledgeable,lazy,logical,loud,lover,masculine,mature,messy,mischievous,modest,morning lark,neat,night owl,oblivious,open-book,optimistic,orderly,pacifist,passive,patient,pessimistic,physical,playful,quiet,receiving,reserved,respectful,rigid,rude,sarcastic,secretive,self-disciplined,selfish,serious,sheltered,sorrowful,stick-in-the-mud,stingy,street-smart,submissive,touchy-feely,vengeful,villainous,well behaved
30 Rock,0.0,0.0,0.0,0.0,74.39999999999999,64.36666666666667,60.050000000000004,50.01666666666667,0.0,0.0,60.98333333333333,0.0,74.15,61.199999999999996,63.733333333333334,50.666666666666664,0.0,0.0,55.900000000000006,58.166666666666664,55.93333333333334,52.71666666666667,55.0,63.733333333333334,68.64999999999999,0.0,58.15,0.0,57.06666666666666,0.0,0.0,72.03333333333333,0.0,0.0,0.0,57.21666666666667,64.38333333333333,0.0,0.0,0.0,0.0,53.083333333333336,68.31666666666666,56.13333333333333,0.0,0.0,52.383333333333326,0.0,68.96666666666667,55.199999999999996,0.0,0.0,0.0,70.95,55.79999999999999,56.333333333333336,0.0,54.26666666666667,60.63333333333333,0.0,0.0,0.0,60.4,64.13333333333334,60.06666666666666,57.4,0.0,0.0,0.0,0.0,0.0,0.0,61.63333333333333,0.0,60.21666666666667,0.0,0.0,62.28333333333333,57.18333333333334,57.86666666666667,0.0,0.0,64.81666666666666,0.0,55.449999999999996,0.0,51.35,55.31666666666666,0.0,0.0,0.0,62.18333333333334,51.38333333333333,0.0
Arcane,61.75,71.45,61.269999999999996,0.0,53.28,50.0,67.24,0.0,0.0,54.07000000000001,0.0,63.07000000000001,0.0,0.0,0.0,61.15,69.05,0.0,66.22,85.38,0.0,54.47,62.6,0.0,51.67,0.0,52.86,53.190000000000005,0.0,0.0,0.0,0.0,58.269999999999996,58.010000000000005,64.47,50.1,0.0,66.52,0.0,0.0,52.260000000000005,0.0,50.93,0.0,66.02000000000001,0.0,61.42,0.0,0.0,66.84,72.06,0.0,56.98,0.0,0.0,59.79,63.68000000000001,0.0,54.260000000000005,55.260000000000005,0.0,56.56,66.71000000000001,0.0,0.0,55.94,58.52,0.0,0.0,0.0,0.0,0.0,0.0,51.220000000000006,0.0,55.3,61.81,54.2,0.0,0.0,65.88,74.63,0.0,63.36,0.0,61.529999999999994,0.0,0.0,62.44,0.0,0.0,52.58,0.0,0.0
Archer,62.9,0.0,0.0,58.23333333333333,65.71666666666667,76.95,70.16666666666667,0.0,0.0,0.0,58.85,56.75,72.66666666666667,0.0,0.0,60.666666666666664,0.0,55.9,63.166666666666664,52.76666666666667,50.86666666666667,50.550000000000004,69.8,59.18333333333333,74.08333333333333,57.23333333333333,73.58333333333333,60.93333333333333,69.03333333333333,0.0,0.0,64.55000000000001,0.0,0.0,0.0,0.0,75.39999999999999,50.53333333333333,0.0,0.0,0.0,0.0,79.61666666666666,63.51666666666667,53.916666666666664,0.0,0.0,0.0,58.31666666666667,0.0,55.21666666666667,0.0,0.0,78.81666666666666,0.0,0.0,0.0,0.0,70.16666666666667,0.0,0.0,55.35,66.28333333333333,55.03333333333334,51.85,0.0,0.0,0.0,0.0,0.0,57.56666666666666,54.73333333333333,53.06666666666666,0.0,63.1,0.0,0.0,52.06666666666666,70.81666666666666,77.26666666666667,0.0,0.0,70.46666666666667,0.0,0.0,51.083333333333336,0.0,62.133333333333326,59.833333333333336,0.0,0.0,77.33333333333333,0.0,0.0
Arrested Development,53.4,0.0,0.0,0.0,71.77,67.71000000000001,50.88,59.279999999999994,0.0,0.0,70.95,0.0,65.89,0.0,63.2,0.0,0.0,0.0,0.0,0.0,65.61,53.88,0.0,68.08,62.62,58.08,0.0,0.0,68.58,0.0,0.0,63.0,0.0,0.0,0.0,50.36,66.89,0.0,53.260000000000005,0.0,0.0,67.16,68.45,65.35,0.0,54.08,54.87,0.0,70.55,50.160000000000004,0.0,52.470000000000006,0.0,64.78,56.4,0.0,0.0,57.33,67.68,0.0,0.0,0.0,53.65,68.25,0.0,0.0,0.0,50.37,0.0,0.0,54.81,0.0,56.63,0.0,65.94,0.0,0.0,55.05,59.089999999999996,61.410000000000004,55.14,0.0,67.69,0.0,63.28,57.44,0.0,61.5,0.0,50.07000000000001,0.0,59.660000000000004,57.65,0.0
Avatar: The Last Airbender,67.3,67.73,58.71,0.0,0.0,50.65,67.38,0.0,58.120000000000005,0.0,52.910000000000004,60.470000000000006,53.53,55.510000000000005,0.0,68.33,64.51,0.0,71.86,76.64,0.0,0.0,67.2,55.839999999999996,64.08,0.0,59.19,56.11,52.739999999999995,52.309999999999995,54.25,61.239999999999995,58.12,55.42,57.93,58.81,0.0,67.83,0.0,0.0,0.0,0.0,56.7,57.129999999999995,69.17999999999999,0.0,0.0,0.0,0.0,65.97,66.49,0.0,0.0,62.230000000000004,0.0,60.39,52.5,0.0,63.08,0.0,55.160000000000004,52.989999999999995,0.0,0.0,51.06,61.470000000000006,0.0,0.0,0.0,0.0,0.0,54.660000000000004,0.0,0.0,0.0,0.0,55.81,0.0,0.0,0.0,0.0,73.2,0.0,50.81,0.0,0.0,0.0,0.0,62.839999999999996,0.0,50.8,0.0,0.0,0.0
Battlestar Galactica,52.7,64.38,58.78,55.473333333333336,51.32666666666667,55.55333333333333,67.07333333333332,0.0,0.0,50.21333333333334,0.0,58.86666666666667,0.0,0.0,0.0,61.166666666666664,70.06,0.0,63.36,81.96000000000001,0.0,53.77333333333333,60.81333333333334,54.766666666666666,51.61333333333334,0.0,64.62666666666667,55.43333333333333,0.0,0.0,0.0,0.0,60.333333333333336,59.333333333333336,58.906666666666666,0.0,0.0,69.12666666666667,0.0,0.0,53.10666666666667,0.0,54.18,0.0,51.82666666666667,0.0,50.54666666666667,0.0,0.0,62.57333333333334,64.98666666666666,0.0,0.0,0.0,0.0,59.059999999999995,54.64666666666667,0.0,50.39333333333333,60.45333333333333,0.0,61.72,58.593333333333334,0.0,0.0,51.82666666666667,59.833333333333336,0.0,0.0,0.0,0.0,0.0,0.0,53.76,0.0,59.126666666666665,59.84666666666667,56.84,0.0,0.0,60.96666666666667,70.3,0.0,66.16666666666667,0.0,66.05333333333334,0.0,0.0,61.39333333333333,0.0,0.0,54.46666666666667,0.0,0.0
Beauty and the Beast,51.5,50.63333333333333,55.28333333333333,0.0,62.0,0.0,58.266666666666666,0.0,0.0,0.0,51.833333333333336,56.26666666666667,56.050000000000004,54.25,0.0,54.65,55.800000000000004,0.0,57.26666666666667,74.16666666666667,0.0,0.0,58.68333333333334,56.26666666666667,52.46666666666667,0.0,0.0,0.0,53.63333333333333,0.0,61.766666666666666,53.300000000000004,57.93333333333333,56.20000000000001,60.233333333333334,56.199999999999996,0.0,64.98333333333333,0.0,50.13333333333333,0.0,0.0,59.36666666666667,59.81666666666666,51.23333333333333,0.0,61.36666666666667,0.0,0.0,68.05,60.76666666666667,0.0,0.0,61.916666666666664,59.21666666666667,65.48333333333333,53.166666666666664,0.0,0.0,0.0,0.0,54.53333333333333,50.166666666666664,0.0,55.76666666666667,55.01666666666667,0.0,53.5,0.0,0.0,0.0,0.0,0.0,0.0,0.0,0.0,59.53333333333333,54.666666666666664,0.0,0.0,0.0,53.449999999999996,0.0,51.550000000000004,59.5,0.0,0.0,0.0,0.0,0.0,54.88333333333333,0.0,0.0,52.78333333333333
Bob's Burgers,62.6,0.0,56.08,0.0,71.1,0.0,0.0,65.62,0.0,0.0,73.56,0.0,68.4,56.92,0.0,58.17999999999999,0.0,0.0,0.0,57.06,64.84,0.0,0.0,61.92,58.78,53.480000000000004,0.0,0.0,63.160000000000004,56.82,50.88,75.14,55.58,0.0,55.4,76.17999999999999,63.96,60.04,52.32000000000001,50.04,0.0,0.0,68.96000000000001,60.5,51.96,0.0,50.6,0.0,63.760000000000005,71.25999999999999,52.660000000000004,0.0,0.0,68.52,64.74,0.0,0.0,68.46,60.760000000000005,0.0,0.0,0.0,57.2,63.44,61.64,51.839999999999996,0.0,50.36,51.3,0.0,0.0,0.0,64.36,0.0,0.0,0.0,54.760000000000005,0.0,0.0,58.78000000000001,0.0,0.0,0.0,0.0,0.0,0.0,0.0,0.0,54.339999999999996,51.3,56.82000000000001,0.0,0.0,0.0
Bones,59.4,72.44,70.8,0.0,0.0,50.62,72.6,0.0,54.0,52.1,0.0,58.94,55.58,58.44,0.0,76.42,66.44,0.0,72.14,86.02,0.0,51.480000000000004,72.0,0.0,58.58,50.78,53.260000000000005,0.0,0.0,0.0,61.74,64.84,71.92,53.64,69.44,64.74,0.0,83.76,0.0,0.0,0.0,0.0,58.78,0.0,73.3,0.0,68.03999999999999,0.0,0.0,73.1,81.74,0.0,56.9,63.08,53.04,0.0,63.17999999999999,0.0,51.120000000000005,53.779999999999994,0.0,58.56,60.54,0.0,0.0,54.06,61.94,0.0,0.0,0.0,0.0,0.0,0.0,0.0,0.0,0.0,61.96,50.480000000000004,0.0,0.0,52.239999999999995,68.76,0.0,50.620000000000005,0.0,0.0,0.0,0.0,61.4,0.0,0.0,0.0,0.0,0.0
Breaking Bad,52.55,59.910000000000004,0.0,59.28,58.089999999999996,62.68,68.24,0.0,0.0,51.32,0.0,55.56,0.0,0.0,0.0,58.75,65.22,0.0,65.11,72.37,0.0,60.15,64.61,51.38,50.4,0.0,64.73,58.83,0.0,0.0,0.0,0.0,0.0,0.0,0.0,0.0,0.0,0.0,0.0,0.0,51.12,0.0,61.339999999999996,0.0,56.8,0.0,60.56,0.0,0.0,52.160000000000004,62.370000000000005,0.0,0.0,52.46,0.0,62.04,52.79,0.0,62.989999999999995,53.760000000000005,0.0,56.42,57.02,0.0,0.0,0.0,53.17,0.0,0.0,0.0,58.8,0.0,0.0,0.0,57.25,51.46,0.0,60.589999999999996,53.48,56.4,70.75,60.870000000000005,59.11,64.77000000000001,0.0,66.65,0.0,52.96,65.36,0.0,0.0,66.38,51.15,0.0
Broad City,62.86666666666667,0.0,59.26666666666667,0.0,56.43333333333334,50.333333333333336,0.0,0.0,0.0,0.0,58.4,51.63333333333333,61.599999999999994,67.83333333333334,55.4,61.833333333333336,0.0,0.0,52.800000000000004,50.1,54.9,0.0,0.0,58.46666666666666,59.86666666666667,0.0,0.0,0.0,53.73333333333333,65.69999999999999,63.9,85.2,70.06666666666666,0.0,66.80000000000001,76.10000000000001,52.333333333333336,69.43333333333334,0.0,0.0,0.0,0.0,52.26666666666667,53.20000000000001,0.0,0.0,51.26666666666667,0.0,57.833333333333336,80.83333333333333,68.2,0.0,0.0,56.633333333333326,69.03333333333335,55.03333333333333,0.0,53.333333333333336,56.4,0.0,0.0,0.0,59.13333333333333,57.46666666666667,78.16666666666667,64.56666666666666,0.0,51.400000000000006,51.4,0.0,0.0,0.0,65.56666666666666,0.0,0.0,0.0,62.8,0.0,0.0,51.96666666666667,0.0,0.0,0.0,0.0,0.0,0.0,0.0,0.0,63.23333333333333,50.633333333333326,68.96666666666665,0.0,0.0,0.0
Brooklyn Nine-Nine,51.71666666666667,65.01666666666668,71.3,0.0,58.73333333333333,0.0,65.01666666666667,52.866666666666674,0.0,57.56666666666666,0.0,0.0,58.35,64.96666666666667,0.0,62.949999999999996,57.36666666666667,0.0,61.050000000000004,81.56666666666666,0.0,0.0,60.96666666666667,0.0,55.800000000000004,0.0,0.0,0.0,0.0,0.0,57.96666666666667,65.26666666666667,64.76666666666667,57.28333333333333,70.85000000000001,66.11666666666666,0.0,85.05,0.0,56.78333333333333,0.0,0.0,63.25,0.0,60.86666666666667,0.0,57.4,0.0,0.0,78.91666666666667,74.38333333333334,0.0,50.98333333333333,60.449999999999996,60.75,56.833333333333336,58.51666666666667,0.0,0.0,51.11666666666667,60.68333333333334,67.0,0.0,0.0,56.300000000000004,59.45,58.166666666666664,50.96666666666667,0.0,0.0,0.0,0.0,0.0,0.0,0.0,0.0,71.86666666666667,57.46666666666667,0.0,0.0,0.0,73.25,0.0,54.68333333333334,0.0,0.0,0.0,0.0,57.73333333333333,0.0,56.18333333333334,0.0,0.0,61.46666666666667
Buffy the Vampire Slayer,56.76666666666667,59.75,62.68333333333334,0.0,60.46666666666667,52.78333333333333,62.300000000000004,0.0,0.0,50.4,0.0,55.51666666666667,56.050000000000004,50.699999999999996,0.0,56.199999999999996,61.38333333333333,0.0,56.53333333333333,74.23333333333333,0.0,52.15,60.88333333333333,59.28333333333333,0.0,53.43333333333333,57.800000000000004,0.0,0.0,0.0,0.0,65.53333333333333,63.25,0.0,63.1,58.35,0.0,77.16666666666667,0.0,0.0,0.0,0.0,56.93333333333334,0.0,54.51666666666666,0.0,50.166666666666664,51.666666666666664,0.0,69.76666666666667,66.3,0.0,0.0,0.0,54.949999999999996,0.0,56.21666666666667,0.0,53.88333333333333,52.800000000000004,0.0,59.51666666666667,74.61666666666666,0.0,0.0,0.0,50.75,0.0,0.0,0.0,51.98333333333333,0.0,0.0,52.666666666666664,0.0,0.0,58.083333333333336,53.68333333333334,0.0,53.449999999999996,52.03333333333333,65.48333333333333,0.0,54.916666666666664,0.0,0.0,0.0,0.0,54.26666666666667,0.0,0.0,52.98333333333333,0.0,0.0
Calvin and Hobbes,0.0,0.0,55.779999999999994,0.0,0.0,55.019999999999996,65.64,0.0,52.720000000000006,57.0,0.0,57.379999999999995,62.760000000000005,63.32,0.0,65.7,0.0,0.0,70.06,64.26,0.0,0.0,66.96000000000001,0.0,56.18,0.0,53.08,0.0,0.0,0.0,0.0,63.1,0.0,0.0,54.08,58.160000000000004,53.14,60.2,0.0,0.0,0.0,0.0,59.519999999999996,0.0,58.1,0.0,70.48,0.0,0.0,63.24000000000001,70.46,0.0,54.44,56.3,52.14,56.1,55.339999999999996,0.0,0.0,56.92,60.56,54.92,0.0,51.7,62.339999999999996,50.8,52.879999999999995,0.0,0.0,0.0,0.0,0.0,51.46,0.0,0.0,0.0,54.44,53.34000000000001,0.0,63.17999999999999,0.0,54.98,0.0,0.0,0.0,0.0,50.18,55.98,57.64,0.0,51.48,51.98,0.0,55.660000000000004
Community,54.5,0.0,0.0,0.0,71.83,69.83,58.44,59.47,0.0,0.0,63.970000000000006,0.0,78.39,60.769999999999996,61.62,0.0,0.0,0.0,54.739999999999995,52.8,56.71,0.0,52.529999999999994,65.83,70.14,51.91,53.88,0.0,64.93,0.0,0.0,65.68,0.0,0.0,50.559999999999995,56.02,72.94,53.6,0.0,0.0,0.0,56.370000000000005,69.73,64.65,0.0,52.75,58.89,0.0,70.45,58.44,0.0,0.0,0.0,71.46000000000001,57.89,0.0,0.0,51.85,68.28999999999999,0.0,0.0,0.0,54.64,62.45,52.18,53.54,0.0,0.0,0.0,0.0,0.0,0.0,60.42,0.0,0.0,0.0,0.0,56.739999999999995,58.029999999999994,54.589999999999996,0.0,0.0,60.57000000000001,0.0,57.03,0.0,0.0,52.29,0.0,0.0,59.67999999999999,56.39,0.0,0.0
Craze Ex-Girlfriend,67.96666666666667,0.0,0.0,0.0,67.36666666666667,55.36666666666667,58.333333333333336,52.53333333333333,0.0,0.0,69.63333333333334,0.0,86.56666666666666,66.63333333333333,74.8,0.0,0.0,0.0,0.0,63.36666666666667,61.96666666666667,0.0,50.800000000000004,75.0,77.66666666666666,57.9,63.4,0.0,67.86666666666667,54.23333333333333,0.0,76.86666666666666,71.4,52.86666666666667,51.93333333333334,65.53333333333335,72.63333333333334,55.0,53.96666666666666,0.0,0.0,50.333333333333336,63.766666666666666,72.93333333333334,0.0,58.166666666666664,0.0,0.0,67.46666666666667,67.36666666666666,0.0,0.0,0.0,78.86666666666666,68.83333333333333,0.0,0.0,64.73333333333332,67.4,0.0,0.0,0.0,52.76666666666667,59.43333333333334,58.766666666666666,71.93333333333334,0.0,0.0,0.0,0.0,0.0,52.4,76.33333333333333,0.0,0.0,0.0,0.0,0.0,50.23333333333333,0.0,0.0,0.0,58.0,0.0,50.833333333333336,0.0,0.0,0.0,0.0,0.0,74.23333333333333,53.0,0.0,0.0
Criminal Minds,55.449999999999996,78.76666666666667,77.78333333333333,0.0,0.0,0.0,67.96666666666667,0.0,59.76666666666667,62.916666666666664,0.0,69.10000000000001,53.083333333333336,55.28333333333333,0.0,74.96666666666667,71.46666666666667,0.0,70.33333333333333,90.08333333333334,0.0,51.333333333333336,67.5,0.0,56.96666666666667,0.0,50.36666666666667,0.0,0.0,0.0,66.05000000000001,66.43333333333334,76.8,61.86666666666667,77.71666666666667,68.95,0.0,88.31666666666666,0.0,63.199999999999996,0.0,0.0,0.0,0.0,75.64999999999999,0.0,71.3,0.0,0.0,83.55,86.88333333333333,0.0,63.449999999999996,0.0,58.56666666666666,60.70000000000001,74.10000000000001,0.0,0.0,58.666666666666664,0.0,73.33333333333333,62.28333333333333,0.0,0.0,59.583333333333336,68.10000000000001,0.0,0.0,56.449999999999996,0.0,0.0,0.0,51.36666666666667,0.0,0.0,78.05,50.11666666666667,0.0,0.0,60.6,78.56666666666666,0.0,53.93333333333334,0.0,0.0,0.0,0.0,64.53333333333333,0.0,0.0,0.0,0.0,61.11666666666667
Desperate Housewives,0.0,56.9,0.0,0.0,60.010000000000005,52.739999999999995,61.839999999999996,0.0,0.0,0.0,55.64,65.77000000000001,56.029999999999994,50.5,0.0,55.92,50.010000000000005,0.0,61.89,72.37,0.0,0.0,61.81,56.03,62.489999999999995,62.85,59.089999999999996,50.32,0.0,0.0,0.0,56.269999999999996,54.71,0.0,54.510000000000005,50.32,0.0,56.31,0.0,0.0,0.0,0.0,62.19,58.15,57.220000000000006,0.0,0.0,0.0,50.39,58.45,57.08,0.0,0.0,54.63,0.0,0.0,0.0,0.0,57.3,52.370000000000005,53.39,53.660000000000004,0.0,0.0,0.0,0.0,0.0,0.0,0.0,0.0,51.879999999999995,50.93,0.0,0.0,0.0,0.0,54.83,56.27,0.0,54.839999999999996,65.67999999999999,58.85,54.21,52.04,0.0,0.0,52.17,0.0,55.260000000000005,0.0,50.69,53.4,0.0,0.0
Dexter,0.0,56.65,50.49,51.92,51.7,61.45,68.53,0.0,0.0,54.13,0.0,55.57000000000001,0.0,0.0,0.0,66.11,66.41,0.0,67.17,79.68,0.0,56.35,67.46000000000001,0.0,55.61,0.0,64.42,54.86,0.0,0.0,0.0,0.0,53.660000000000004,50.3,56.25,0.0,0.0,65.03,0.0,0.0,53.989999999999995,0.0,53.760000000000005,0.0,62.04,0.0,53.5,0.0,0.0,60.67999999999999,63.27,0.0,52.339999999999996,55.15,0.0,67.1,57.5,0.0,54.839999999999996,57.67999999999999,0.0,64.14,60.06,0.0,0.0,0.0,62.2,0.0,0.0,0.0,54.65,0.0,0.0,0.0,0.0,53.39,54.17,61.29,0.0,0.0,59.879999999999995,70.89,0.0,63.910000000000004,0.0,58.32000000000001,50.87,0.0,70.31,0.0,0.0,54.620000000000005,0.0,0.0
Downton Abbey,0.0,66.77333333333334,59.60666666666667,0.0,53.27333333333333,0.0,68.6,0.0,0.0,58.38,0.0,60.68666666666666,0.0,0.0,0.0,61.9,55.76,0.0,66.30666666666667,81.8,0.0,58.11333333333334,63.55333333333333,50.8,0.0,56.78,58.87333333333333,51.093333333333334,0.0,0.0,58.32,54.82,60.059999999999995,56.46,61.45333333333333,57.79333333333333,0.0,70.12,0.0,53.28666666666666,0.0,0.0,51.9,0.0,63.473333333333336,0.0,63.2,50.60666666666667,0.0,69.56,65.21333333333334,0.0,0.0,0.0,0.0,0.0,63.2,0.0,0.0,65.34,62.013333333333335,76.38000000000001,0.0,0.0,0.0,51.186666666666675,68.18,0.0,0.0,0.0,0.0,0.0,0.0,55.8,0.0,54.4,64.62666666666667,58.940000000000005,0.0,0.0,61.42666666666666,77.11999999999999,0.0,63.60666666666667,0.0,52.10666666666667,52.85333333333333,0.0,54.72,0.0,0.0,0.0,0.0,53.486666666666665
ER,56.25,71.06666666666666,69.65,0.0,0.0,0.0,62.0,0.0,53.85,51.68333333333334,0.0,56.166666666666664,0.0,0.0,0.0,69.7,66.76666666666667,0.0,66.80000000000001,81.21666666666667,0.0,0.0,60.199999999999996,0.0,51.199999999999996,0.0,52.550000000000004,0.0,0.0,54.53333333333333,64.51666666666667,61.38333333333333,69.66666666666667,58.65,65.26666666666668,62.78333333333333,0.0,76.0,0.0,54.23333333333333,0.0,0.0,50.916666666666664,0.0,69.81666666666668,0.0,61.63333333333333,0.0,0.0,71.8,81.10000000000001,0.0,50.88333333333333,50.25,51.199999999999996,54.88333333333333,65.7,0.0,0.0,63.81666666666666,0.0,61.6,63.23333333333333,0.0,0.0,55.13333333333333,60.65,0.0,0.0,0.0,0.0,0.0,0.0,0.0,0.0,50.18333333333334,67.76666666666667,0.0,0.0,0.0,52.13333333333333,69.63333333333334,0.0,53.68333333333334,0.0,51.76666666666667,0.0,0.0,64.25,0.0,50.36666666666667,0.0,0.0,50.6
Euphoria,57.65,55.26666666666666,0.0,55.88333333333333,70.4,55.73333333333333,56.916666666666664,0.0,0.0,0.0,67.48333333333333,58.666666666666664,0.0,0.0,56.61666666666667,0.0,53.73333333333333,0.0,50.81666666666666,63.61666666666667,58.68333333333333,0.0,0.0,73.4,53.73333333333333,68.35000000000001,60.166666666666664,0.0,59.949999999999996,51.1,0.0,53.71666666666667,53.56666666666666,0.0,52.78333333333333,0.0,0.0,0.0,0.0,0.0,0.0,0.0,63.51666666666667,70.64999999999999,0.0,59.0,0.0,0.0,62.416666666666664,54.71666666666667,52.53333333333333,0.0,0.0,53.15,56.550000000000004,0.0,0.0,59.26666666666667,70.28333333333333,0.0,0.0,0.0,76.48333333333333,0.0,0.0,0.0,0.0,0.0,0.0,0.0,56.73333333333333,59.4,52.65,0.0,0.0,52.21666666666667,0.0,0.0,54.56666666666666,53.81666666666666,66.93333333333334,0.0,57.333333333333336,0.0,0.0,63.550000000000004,0.0,0.0,56.666666666666664,51.416666666666664,50.25,54.46666666666667,51.28333333333333,0.0
Firefly + Serenity,67.28999999999999,68.97,66.58,0.0,0.0,52.64,67.99000000000001,0.0,57.17,51.97,0.0,60.379999999999995,0.0,50.1,0.0,71.96000000000001,71.34,0.0,71.28,81.34,0.0,57.519999999999996,64.28999999999999,50.14,53.0,0.0,58.61,51.85,0.0,51.56,50.05,61.67,62.71,56.78,64.99,59.720000000000006,0.0,74.68,0.0,0.0,0.0,0.0,0.0,0.0,65.6,0.0,51.4,0.0,0.0,70.03999999999999,73.78,0.0,0.0,0.0,0.0,56.370000000000005,56.92999999999999,0.0,59.760000000000005,53.29,0.0,57.77,59.79,0.0,0.0,54.239999999999995,52.989999999999995,0.0,0.0,53.489999999999995,0.0,0.0,0.0,56.79,0.0,54.6,61.8,0.0,0.0,0.0,61.17999999999999,68.39,0.0,54.52,0.0,0.0,0.0,0.0,68.75,0.0,0.0,0.0,0.0,0.0
Friends,53.0,0.0,0.0,0.0,66.91666666666666,59.06666666666667,55.5,0.0,0.0,0.0,58.333333333333336,52.35,80.98333333333333,67.85,52.083333333333336,56.650000000000006,0.0,0.0,0.0,57.76666666666667,54.833333333333336,0.0,55.083333333333336,67.41666666666666,70.76666666666667,59.38333333333333,0.0,0.0,63.31666666666667,51.6,55.68333333333333,74.15,54.76666666666667,0.0,56.800000000000004,68.35000000000001,65.76666666666667,64.80000000000001,54.9,0.0,0.0,0.0,72.43333333333334,60.31666666666666,0.0,0.0,50.76666666666667,0.0,62.75,74.23333333333333,55.56666666666666,0.0,0.0,78.06666666666666,70.26666666666667,0.0,0.0,52.31666666666666,58.31666666666667,0.0,0.0,0.0,52.21666666666667,61.56666666666666,63.733333333333334,56.4,0.0,55.23333333333333,0.0,0.0,0.0,0.0,64.55000000000001,0.0,0.0,0.0,54.23333333333333,0.0,0.0,54.28333333333333,0.0,0.0,50.666666666666664,0.0,55.53333333333333,0.0,0.0,0.0,0.0,0.0,66.45,0.0,0.0,0.0
Frozen,67.32000000000001,0.0,62.660000000000004,0.0,63.260000000000005,0.0,58.019999999999996,0.0,0.0,0.0,63.5,57.1,62.339999999999996,61.22,0.0,56.239999999999995,56.58,0.0,56.54,75.69999999999999,51.4,0.0,55.92,60.980000000000004,62.440000000000005,50.52,0.0,0.0,52.14,54.38,66.24,61.9,65.34,60.64,66.18,63.94,0.0,70.3,0.0,61.67999999999999,0.0,0.0,57.44,58.56,55.120000000000005,0.0,0.0,0.0,57.18,72.54,52.2,0.0,0.0,64.12,55.67999999999999,0.0,0.0,55.879999999999995,55.519999999999996,0.0,58.5,0.0,0.0,51.86,53.17999999999999,59.480000000000004,0.0,52.32000000000001,0.0,0.0,0.0,54.67999999999999,59.14,0.0,0.0,0.0,63.81999999999999,0.0,0.0,0.0,0.0,0.0,0.0,0.0,56.36,0.0,0.0,0.0,0.0,0.0,60.08,0.0,0.0,0.0
Futurama,58.95,0.0,0.0,0.0,63.73,63.290000000000006,57.68,56.11,0.0,0.0,63.6,0.0,72.11,51.7,50.78,59.75,0.0,0.0,58.510000000000005,0.0,54.86,0.0,50.83,54.55,64.92,0.0,55.37,0.0,65.32000000000001,53.03,0.0,60.93,0.0,0.0,0.0,57.08,67.95,52.31,0.0,0.0,0.0,0.0,70.96000000000001,61.79,0.0,0.0,54.95,0.0,62.1,55.36,50.760000000000005,50.019999999999996,0.0,72.05,61.71,53.81,0.0,59.37,61.440000000000005,0.0,0.0,0.0,59.36,56.4,56.88,0.0,0.0,0.0,0.0,0.0,53.79,0.0,59.87,0.0,57.970000000000006,0.0,0.0,0.0,57.54,60.52,0.0,0.0,61.589999999999996,0.0,0.0,0.0,0.0,61.0,52.970000000000006,0.0,55.92999999999999,52.760000000000005,0.0,0.0
Game of Thrones,59.97666666666667,67.17333333333333,0.0,55.519999999999996,0.0,61.2,69.89666666666666,0.0,54.35333333333334,51.91,0.0,60.46333333333334,0.0,0.0,0.0,67.78999999999999,62.34666666666667,0.0,71.6,79.34333333333333,0.0,58.263333333333335,68.2,0.0,51.8,0.0,68.70333333333333,60.04666666666667,51.333333333333336,0.0,0.0,0.0,50.32333333333334,51.223333333333336,51.126666666666665,0.0,0.0,60.24333333333333,0.0,0.0,54.38666666666666,0.0,0.0,0.0,61.973333333333336,0.0,54.25666666666667,0.0,0.0,53.53,64.89,0.0,51.580000000000005,0.0,0.0,57.88,60.54333333333333,0.0,62.67666666666666,0.0,0.0,55.19666666666667,59.13333333333333,0.0,0.0,0.0,51.47666666666667,0.0,0.0,50.51,53.85,0.0,0.0,53.019999999999996,0.0,58.269999999999996,51.733333333333334,57.25,0.0,0.0,66.87666666666667,72.54666666666667,51.81333333333334,67.54333333333334,0.0,67.11666666666666,0.0,0.0,66.79666666666667,0.0,0.0,65.27333333333334,0.0,0.0
Gilmore Girls,0.0,53.49333333333333,0.0,0.0,67.2,56.406666666666666,63.92666666666666,0.0,0.0,0.0,0.0,53.72,65.92,54.27333333333333,0.0,60.82000000000001,0.0,0.0,59.13333333333333,75.31333333333333,0.0,50.059999999999995,62.84666666666667,53.94666666666667,61.06666666666667,52.813333333333325,59.26,0.0,55.84,0.0,52.38666666666666,63.39333333333333,55.059999999999995,0.0,56.54,56.22666666666667,55.946666666666665,60.64,0.0,0.0,0.0,0.0,71.78,51.03333333333333,60.71333333333334,0.0,60.940000000000005,0.0,51.10666666666667,63.9,62.5,0.0,0.0,65.41333333333333,52.86666666666667,0.0,0.0,0.0,50.22,0.0,60.82,57.339999999999996,0.0,0.0,52.526666666666664,0.0,51.74,0.0,0.0,0.0,54.32666666666667,0.0,0.0,0.0,0.0,0.0,51.94666666666667,60.519999999999996,0.0,56.42666666666666,0.0,61.00666666666667,51.733333333333334,50.76,55.86666666666667,0.0,55.95333333333333,0.0,0.0,0.0,0.0,0.0,0.0,0.0
Glee,53.739999999999995,54.480000000000004,0.0,0.0,59.489999999999995,66.65,61.43,0.0,0.0,0.0,57.760000000000005,54.23,69.84,55.88,0.0,60.690000000000005,0.0,0.0,61.779999999999994,68.38,0.0,0.0,59.220000000000006,64.85,70.58,61.14,60.64,0.0,67.02,0.0,0.0,61.67,0.0,0.0,0.0,51.31,67.5,52.78,0.0,0.0,0.0,0.0,67.9,64.66,60.529999999999994,0.0,51.260000000000005,0.0,59.14,56.57000000000001,51.019999999999996,0.0,0.0,72.42,50.63,0.0,0.0,0.0,59.39,0.0,52.470000000000006,58.25,0.0,0.0,52.65,50.92999999999999,0.0,0.0,0.0,0.0,0.0,0.0,53.160000000000004,0.0,54.120000000000005,0.0,0.0,55.57000000000001,57.42,56.42999999999999,0.0,61.7,59.85,0.0,0.0,0.0,0.0,54.620000000000005,52.779999999999994,0.0,57.25,56.13000000000001,0.0,0.0
Gossip Girl,52.96666666666667,54.9,0.0,52.76666666666667,56.35,65.30000000000001,58.51666666666667,0.0,0.0,0.0,53.11666666666667,74.10000000000001,52.9,0.0,0.0,59.233333333333334,0.0,50.78333333333333,53.199999999999996,73.71666666666667,0.0,53.96666666666667,64.11666666666667,57.28333333333333,64.66666666666666,60.21666666666666,59.416666666666664,0.0,60.5,0.0,0.0,50.449999999999996,0.0,0.0,0.0,0.0,61.03333333333334,0.0,0.0,0.0,0.0,0.0,62.71666666666667,59.650000000000006,57.85,0.0,56.98333333333333,0.0,55.86666666666667,0.0,54.56666666666666,0.0,0.0,52.18333333333334,56.800000000000004,0.0,0.0,0.0,66.66666666666666,0.0,0.0,60.23333333333333,60.96666666666667,0.0,0.0,0.0,0.0,0.0,0.0,0.0,57.03333333333333,0.0,0.0,0.0,59.550000000000004,0.0,0.0,57.46666666666667,52.75,56.416666666666664,75.5,60.46666666666667,67.51666666666667,55.23333333333333,50.31666666666666,60.1,0.0,50.583333333333336,0.0,0.0,0.0,64.16666666666667,56.1,0.0
Gotham,56.510000000000005,70.99,0.0,55.11,57.35,57.22,65.84,0.0,0.0,0.0,51.510000000000005,55.39,0.0,0.0,0.0,61.35,67.46000000000001,0.0,66.69,81.4,0.0,63.33,64.53,0.0,0.0,0.0,61.57,59.36,0.0,0.0,0.0,54.510000000000005,52.62,0.0,55.0,0.0,0.0,59.65,0.0,0.0,0.0,0.0,60.79,53.23,65.38,0.0,63.730000000000004,55.48,0.0,55.95,66.97999999999999,0.0,54.17,0.0,0.0,62.36,61.379999999999995,0.0,61.1,52.96999999999999,0.0,58.470000000000006,70.62,0.0,0.0,0.0,0.0,0.0,0.0,0.0,57.73,0.0,0.0,54.53000000000001,0.0,56.9,53.72,57.75,0.0,54.4,73.16,66.22,50.42999999999999,58.089999999999996,0.0,69.06,0.0,0.0,64.19,0.0,0.0,62.64,0.0,0.0
Grey's Anatomy,51.17,64.98,53.120000000000005,0.0,50.589999999999996,58.71,72.63,0.0,0.0,0.0,0.0,64.03999999999999,0.0,0.0,0.0,69.68,61.57,0.0,66.95,83.5,0.0,56.42999999999999,72.35,0.0,55.85,0.0,60.28,50.839999999999996,0.0,0.0,58.08,59.1,57.57,0.0,59.8,53.15,0.0,72.43,0.0,0.0,0.0,0.0,58.519999999999996,52.82000000000001,64.76,0.0,73.33,0.0,0.0,66.67999999999999,74.75,0.0,51.3,59.11,0.0,55.129999999999995,62.33,0.0,50.980000000000004,54.410000000000004,0.0,57.32000000000001,53.21,0.0,0.0,0.0,56.96,0.0,0.0,0.0,50.85,0.0,0.0,0.0,0.0,50.53,56.47,59.54,0.0,50.81,62.17,68.44,0.0,60.910000000000004,0.0,56.32000000000001,0.0,0.0,59.69,0.0,0.0,0.0,0.0,0.0
Hamilton,0.0,64.30000000000001,52.93333333333333,50.76666666666667,56.083333333333336,51.88333333333333,71.16666666666667,0.0,0.0,53.36666666666667,0.0,71.51666666666667,55.78333333333333,0.0,0.0,68.16666666666667,57.0,0.0,67.68333333333334,80.08333333333334,0.0,55.800000000000004,71.46666666666667,0.0,67.66666666666666,0.0,62.96666666666666,55.88333333333333,0.0,0.0,0.0,57.75,53.916666666666664,54.65,54.25,0.0,0.0,61.050000000000004,0.0,0.0,0.0,0.0,0.0,0.0,65.21666666666667,0.0,75.78333333333333,0.0,0.0,59.53333333333333,70.18333333333334,0.0,53.883333333333326,65.21666666666667,0.0,52.51666666666667,61.53333333333334,0.0,0.0,50.18333333333334,55.48333333333333,68.28333333333335,0.0,0.0,0.0,57.26666666666666,63.48333333333333,0.0,0.0,50.199999999999996,0.0,0.0,0.0,0.0,0.0,0.0,57.733333333333334,64.63333333333334,0.0,0.0,53.26666666666666,74.76666666666667,0.0,63.699999999999996,0.0,57.28333333333333,53.916666666666664,0.0,54.28333333333333,0.0,0.0,55.9,0.0,50.75
Harry Potter,57.55333333333333,58.93,55.776666666666664,0.0,58.54666666666667,52.70333333333333,64.48,50.74666666666667,0.0,0.0,52.593333333333334,0.0,53.836666666666666,0.0,0.0,59.39,55.063333333333325,0.0,64.42666666666666,75.85,0.0,54.166666666666664,61.330000000000005,56.80333333333333,52.72,50.03,58.973333333333336,52.10333333333334,53.82,0.0,50.64333333333333,50.86,55.406666666666666,53.34666666666667,56.519999999999996,53.64333333333333,0.0,65.25999999999999,0.0,0.0,0.0,0.0,56.68333333333333,51.309999999999995,57.54333333333333,0.0,62.32333333333334,0.0,0.0,62.82,64.49666666666667,0.0,0.0,55.473333333333336,0.0,0.0,53.18,0.0,61.04333333333333,0.0,0.0,51.019999999999996,59.04333333333333,0.0,0.0,52.080000000000005,0.0,0.0,0.0,0.0,0.0,0.0,0.0,0.0,0.0,0.0,53.05333333333333,55.309999999999995,0.0,0.0,62.0,59.97,0.0,56.04666666666667,0.0,53.20333333333333,0.0,0.0,56.980000000000004,0.0,0.0,0.0,0.0,0.0
House,0.0,66.6,55.300000000000004,0.0,51.03333333333333,57.5,61.86666666666667,0.0,0.0,58.050000000000004,0.0,64.96666666666667,0.0,0.0,0.0,62.13333333333333,61.36666666666667,0.0,57.01666666666666,77.35,0.0,55.23333333333333,56.6,0.0,0.0,0.0,0.0,50.550000000000004,0.0,0.0,56.28333333333333,54.85,52.1,0.0,58.81666666666666,51.666666666666664,0.0,68.05,0.0,0.0,0.0,0.0,51.416666666666664,0.0,57.88333333333333,0.0,76.85,52.06666666666666,0.0,64.33333333333333,82.71666666666667,0.0,56.36666666666667,0.0,0.0,55.71666666666667,63.199999999999996,0.0,0.0,58.48333333333333,53.0,66.86666666666666,0.0,0.0,0.0,0.0,63.300000000000004,51.31666666666666,0.0,0.0,56.199999999999996,0.0,0.0,51.416666666666664,0.0,57.23333333333333,61.333333333333336,55.800000000000004,0.0,51.583333333333336,62.5,72.83333333333333,0.0,61.583333333333336,0.0,59.18333333333334,59.18333333333334,0.0,50.4,0.0,0.0,0.0,0.0,59.916666666666664
How I Met Your Mother,62.67999999999999,0.0,0.0,0.0,66.34,53.82000000000001,58.08,0.0,0.0,0.0,57.38,57.58,73.14,63.56,53.480000000000004,55.42,0.0,0.0,0.0,67.0,0.0,0.0,56.82,61.239999999999995,70.94,0.0,50.4,0.0,56.72,52.42,51.08,74.38,57.160000000000004,0.0,51.56,73.92,62.74000000000001,60.8,52.239999999999995,0.0,0.0,0.0,64.52,63.28000000000001,0.0,0.0,55.68,0.0,59.62,66.58,64.88,0.0,0.0,69.74000000000001,65.58,50.58,0.0,0.0,58.08,0.0,0.0,50.06,59.0,52.67999999999999,56.64,62.82000000000001,0.0,0.0,0.0,0.0,0.0,0.0,67.47999999999999,0.0,0.0,0.0,55.980000000000004,0.0,0.0,58.42,0.0,53.17999999999999,51.779999999999994,0.0,0.0,0.0,0.0,0.0,52.279999999999994,0.0,61.040000000000006,0.0,0.0,0.0
It's Always Sunny in Philadelphia,66.84,0.0,0.0,58.7,75.84,78.28,61.0,61.32,0.0,0.0,82.18,0.0,85.58,55.480000000000004,70.44,0.0,0.0,65.22,60.2,0.0,70.42,0.0,55.06,71.02000000000001,78.48,0.0,78.46000000000001,55.36,79.68,50.04,0.0,76.36,0.0,0.0,0.0,0.0,79.53999999999999,0.0,0.0,0.0,0.0,74.34,83.78,84.34,0.0,51.96,0.0,0.0,83.74000000000001,0.0,0.0,59.379999999999995,0.0,90.24,0.0,61.52,0.0,71.26,88.62,0.0,0.0,0.0,76.67999999999999,66.36,52.62,0.0,0.0,0.0,0.0,0.0,55.48,67.78,60.78,0.0,73.2,0.0,0.0,0.0,77.76,70.3,0.0,0.0,79.28,0.0,0.0,0.0,0.0,74.96000000000001,61.8,0.0,52.67999999999999,78.03999999999999,65.92,0.0
Killing Eve,0.0,66.1,0.0,0.0,52.96666666666667,55.416666666666664,63.38333333333333,0.0,0.0,56.76666666666667,0.0,52.550000000000004,0.0,0.0,0.0,57.06666666666666,70.23333333333333,0.0,61.23333333333333,78.43333333333334,0.0,63.25,55.68333333333334,0.0,0.0,0.0,58.833333333333336,54.36666666666667,0.0,0.0,0.0,60.15,53.083333333333336,0.0,51.366666666666674,53.083333333333336,0.0,0.0,0.0,0.0,0.0,0.0,57.4,0.0,61.21666666666667,0.0,72.33333333333333,53.46666666666667,0.0,55.63333333333333,72.96666666666667,0.0,56.6,0.0,0.0,58.81666666666666,58.550000000000004,0.0,58.550000000000004,62.01666666666667,0.0,58.13333333333333,59.6,0.0,0.0,0.0,51.9,0.0,0.0,0.0,60.31666666666666,0.0,0.0,54.6,0.0,56.949999999999996,51.53333333333333,53.38333333333333,0.0,61.65,67.36666666666666,61.88333333333333,57.949999999999996,59.93333333333334,0.0,63.6,50.01666666666667,0.0,61.48333333333333,0.0,0.0,54.85,50.416666666666664,0.0
Law & Order: SVU,0.0,81.16666666666667,73.51666666666667,0.0,0.0,0.0,80.13333333333334,0.0,65.05,60.733333333333334,0.0,65.64999999999999,0.0,0.0,0.0,81.33333333333333,81.11666666666666,0.0,79.0,86.95,0.0,69.76666666666667,77.45,0.0,51.083333333333336,0.0,63.6,63.1,0.0,0.0,54.23333333333333,57.0,66.19999999999999,51.1,72.76666666666667,51.85,0.0,83.96666666666667,0.0,55.11666666666667,0.0,0.0,51.35,0.0,79.35000000000001,0.0,63.666666666666664,0.0,0.0,74.98333333333333,81.0,0.0,63.35,52.666666666666664,0.0,71.14999999999999,78.8,0.0,0.0,72.2,0.0,68.86666666666666,62.96666666666667,0.0,0.0,0.0,67.53333333333333,0.0,0.0,0.0,58.36666666666667,0.0,0.0,0.0,0.0,63.76666666666667,66.85,60.53333333333333,0.0,0.0,64.01666666666667,78.8,0.0,74.33333333333333,0.0,61.98333333333333,50.18333333333334,0.0,80.56666666666666,0.0,0.0,0.0,0.0,57.36666666666667
Little Women,59.31666666666667,57.65,64.76666666666668,0.0,0.0,0.0,56.45000000000001,0.0,54.56666666666666,0.0,0.0,68.89999999999999,51.26666666666667,59.78333333333333,0.0,57.65,67.58333333333334,0.0,60.61666666666667,76.03333333333333,0.0,0.0,51.98333333333333,61.516666666666666,54.53333333333333,69.93333333333334,0.0,0.0,0.0,55.88333333333333,70.18333333333334,63.71666666666667,73.61666666666666,66.9,69.03333333333333,68.75,0.0,75.55,0.0,61.35,0.0,0.0,0.0,50.199999999999996,54.18333333333334,0.0,70.88333333333333,0.0,0.0,79.48333333333333,73.21666666666665,0.0,0.0,0.0,63.65,0.0,56.25,0.0,0.0,58.76666666666667,58.9,59.56666666666666,0.0,0.0,52.03333333333333,67.28333333333333,57.13333333333333,58.21666666666667,0.0,57.03333333333334,0.0,0.0,54.96666666666667,53.06666666666666,0.0,0.0,69.8,0.0,0.0,0.0,0.0,65.13333333333334,0.0,0.0,54.699999999999996,0.0,0.0,0.0,0.0,0.0,60.0,0.0,0.0,55.68333333333334
Lord of the Rings,70.75,61.589999999999996,65.14,0.0,53.54,0.0,65.7,0.0,0.0,0.0,50.89,57.1,0.0,0.0,0.0,61.18,60.86,0.0,62.71,75.43,0.0,0.0,55.660000000000004,61.63,51.64,0.0,57.78,52.6,0.0,0.0,58.25,59.42,62.489999999999995,65.55,63.72,62.23,0.0,80.25999999999999,0.0,53.629999999999995,0.0,0.0,55.33,53.279999999999994,52.989999999999995,0.0,0.0,0.0,0.0,75.26,57.410000000000004,0.0,0.0,50.790000000000006,0.0,67.01,55.2,56.65,55.760000000000005,51.73,0.0,0.0,50.04,0.0,0.0,57.96,0.0,0.0,0.0,0.0,0.0,56.04,0.0,0.0,0.0,50.97,61.88,50.88,0.0,0.0,54.44,59.64,0.0,56.1,0.0,51.08,0.0,0.0,60.21,0.0,50.71,0.0,0.0,0.0
Lucifer,55.56666666666666,63.88333333333333,54.416666666666664,0.0,51.699999999999996,53.98333333333333,68.46666666666667,0.0,0.0,50.949999999999996,0.0,64.18333333333332,56.0,53.949999999999996,0.0,66.36666666666667,63.5,0.0,63.88333333333333,82.85,0.0,0.0,61.23333333333333,51.11666666666667,61.28333333333334,0.0,54.98333333333333,0.0,0.0,0.0,52.31666666666666,60.96666666666667,62.55,51.916666666666664,63.38333333333333,54.31666666666666,0.0,68.91666666666667,0.0,0.0,0.0,0.0,54.550000000000004,0.0,61.03333333333333,0.0,51.550000000000004,0.0,0.0,69.33333333333333,68.93333333333334,0.0,0.0,59.266666666666666,50.81666666666666,55.849999999999994,60.5,0.0,0.0,53.449999999999996,0.0,63.96666666666667,54.916666666666664,0.0,0.0,52.26666666666667,56.11666666666667,0.0,0.0,0.0,0.0,0.0,0.0,0.0,0.0,0.0,60.583333333333336,53.333333333333336,0.0,0.0,56.666666666666664,68.98333333333333,0.0,54.883333333333326,0.0,0.0,0.0,0.0,58.400000000000006,0.0,51.13333333333333,0.0,0.0,53.96666666666667
M*A*S*H,50.1,59.65,57.333333333333336,0.0,59.38333333333333,0.0,55.88333333333333,0.0,0.0,52.98333333333333,0.0,52.866666666666674,70.05,60.68333333333334,0.0,59.016666666666666,0.0,0.0,54.21666666666667,69.6,0.0,0.0,0.0,62.6,59.35,0.0,0.0,0.0,0.0,50.73333333333333,60.916666666666664,62.43333333333334,61.23333333333333,52.88333333333333,61.98333333333333,66.95,52.81666666666666,69.38333333333334,0.0,53.13333333333333,0.0,0.0,54.31666666666666,0.0,56.4,0.0,64.88333333333333,0.0,54.166666666666664,72.68333333333334,69.06666666666666,0.0,0.0,60.766666666666666,67.66666666666667,50.833333333333336,0.0,0.0,51.26666666666667,53.46666666666667,56.550000000000004,62.416666666666664,0.0,0.0,57.86666666666667,55.11666666666667,61.81666666666667,59.98333333333333,0.0,0.0,0.0,0.0,53.38333333333333,0.0,0.0,0.0,58.800000000000004,0.0,0.0,0.0,0.0,62.61666666666667,0.0,0.0,0.0,0.0,0.0,0.0,50.5,50.93333333333334,58.46666666666667,0.0,0.0,0.0
Mad Men,51.32666666666667,55.54666666666667,0.0,0.0,55.413333333333334,68.45333333333333,60.333333333333336,0.0,0.0,50.266666666666666,0.0,61.279999999999994,52.92666666666666,0.0,0.0,55.60666666666667,51.70666666666667,0.0,58.580000000000005,68.53333333333333,0.0,56.95333333333333,55.9,50.220000000000006,57.279999999999994,0.0,53.42666666666666,0.0,55.88666666666666,0.0,0.0,53.806666666666665,0.0,0.0,0.0,53.34,0.0,53.18666666666666,0.0,0.0,0.0,0.0,59.12,0.0,52.96,0.0,67.82,0.0,50.11333333333333,55.22666666666667,62.65333333333333,0.0,0.0,0.0,53.60666666666667,53.480000000000004,0.0,0.0,59.26,0.0,0.0,69.86666666666666,59.35333333333333,0.0,0.0,0.0,58.22666666666667,0.0,0.0,0.0,52.806666666666665,0.0,0.0,50.13333333333333,55.67333333333333,0.0,52.66,56.74666666666667,0.0,57.940000000000005,65.04,65.63333333333334,62.559999999999995,56.82666666666667,0.0,58.00666666666667,0.0,55.82666666666667,50.86666666666667,0.0,0.0,53.49333333333333,0.0,0.0
Marvel Cinematic Universe,66.24666666666667,73.39333333333333,62.980000000000004,0.0,0.0,57.54,78.23333333333333,0.0,59.25333333333333,50.406666666666666,0.0,67.59333333333333,0.0,0.0,0.0,74.76666666666667,72.2,0.0,77.14666666666666,82.95333333333333,0.0,63.54,77.47333333333333,0.0,53.34666666666667,0.0,68.29333333333334,61.15333333333333,52.06666666666667,0.0,0.0,58.233333333333334,57.95333333333333,0.0,62.059999999999995,53.84666666666667,0.0,76.21333333333334,0.0,0.0,0.0,0.0,55.480000000000004,0.0,74.4,0.0,52.57333333333334,0.0,0.0,66.30666666666667,72.65333333333334,0.0,57.31333333333334,51.72666666666667,0.0,69.11999999999999,64.50666666666667,0.0,56.166666666666664,0.0,0.0,62.973333333333336,60.473333333333336,0.0,0.0,50.26,55.04,0.0,0.0,0.0,0.0,0.0,0.0,0.0,0.0,59.25333333333333,56.55333333333333,55.46,0.0,52.333333333333336,67.22666666666666,75.61333333333333,0.0,62.32,0.0,59.986666666666665,0.0,0.0,68.44,0.0,0.0,58.18666666666666,0.0,0.0
Mean Girls,57.059999999999995,0.0,0.0,0.0,57.65,58.67,50.47,50.76,0.0,0.0,59.61,0.0,66.68,61.47,56.82,53.68,0.0,0.0,55.089999999999996,64.13,0.0,0.0,0.0,64.0,64.83,68.18,51.05,0.0,62.19,54.79,51.15,63.31,52.440000000000005,0.0,52.7,60.69,66.33,54.36,0.0,0.0,0.0,52.989999999999995,55.33,60.02,0.0,0.0,51.230000000000004,0.0,62.480000000000004,60.260000000000005,0.0,0.0,0.0,61.65,56.57000000000001,0.0,0.0,0.0,60.61,0.0,0.0,51.5,55.660000000000004,57.739999999999995,56.61,58.89,0.0,0.0,0.0,0.0,0.0,0.0,59.260000000000005,0.0,0.0,0.0,0.0,0.0,51.08,51.279999999999994,0.0,50.94,54.55,0.0,55.980000000000004,0.0,0.0,0.0,0.0,52.779999999999994,55.94,0.0,0.0,0.0
Modern Family,51.64,0.0,51.2,0.0,68.5,55.18,55.839999999999996,0.0,0.0,0.0,53.45,52.92,69.37,63.67,0.0,59.519999999999996,0.0,0.0,52.67,65.36,0.0,0.0,55.4,59.56,65.37,60.209999999999994,52.230000000000004,0.0,60.95,0.0,0.0,69.27,55.55,0.0,55.0,62.96,62.42999999999999,63.93,0.0,0.0,0.0,0.0,69.25,54.35,52.79,0.0,54.03,0.0,0.0,67.27000000000001,57.46,0.0,0.0,68.96000000000001,61.89,0.0,50.089999999999996,0.0,53.27,0.0,57.38,57.760000000000005,0.0,52.89,55.97,53.0,0.0,0.0,0.0,0.0,0.0,0.0,56.11,0.0,0.0,0.0,55.03,54.529999999999994,0.0,60.67,0.0,57.9,0.0,0.0,0.0,0.0,0.0,0.0,50.37,0.0,57.5,50.96,0.0,0.0
NCIS,53.86666666666667,66.28333333333333,74.4,0.0,0.0,0.0,58.666666666666664,0.0,51.88333333333333,60.15,0.0,59.4,60.1,65.85,0.0,66.06666666666666,63.36666666666667,0.0,62.96666666666667,82.43333333333334,0.0,0.0,55.5,0.0,0.0,0.0,0.0,0.0,0.0,51.833333333333336,70.01666666666667,71.01666666666667,71.86666666666666,57.81666666666667,74.85,77.55,0.0,85.8,0.0,67.46666666666667,0.0,0.0,0.0,0.0,63.9,0.0,74.41666666666667,52.75,0.0,83.36666666666666,81.8,0.0,65.64999999999999,0.0,66.58333333333333,67.23333333333333,62.583333333333336,0.0,0.0,59.75,0.0,70.05,57.43333333333333,0.0,51.53333333333333,63.18333333333334,64.18333333333334,58.23333333333333,0.0,55.15,0.0,0.0,52.666666666666664,53.71666666666667,0.0,0.0,76.38333333333334,0.0,0.0,0.0,0.0,72.13333333333334,0.0,0.0,0.0,0.0,0.0,0.0,54.300000000000004,0.0,59.51666666666667,0.0,0.0,57.9
New Girl,56.760000000000005,0.0,56.3,0.0,70.98,0.0,51.62,52.2,0.0,0.0,61.86,0.0,79.92,63.88,51.459999999999994,56.540000000000006,0.0,0.0,0.0,64.22,0.0,0.0,0.0,69.88,69.7,62.62,0.0,0.0,66.78,0.0,56.160000000000004,82.72,58.28,0.0,60.44,69.3,62.7,72.38,61.96,52.58,0.0,0.0,67.62,58.839999999999996,0.0,0.0,0.0,0.0,62.82,77.9,53.720000000000006,0.0,0.0,78.48,74.46000000000001,0.0,0.0,0.0,60.46,0.0,0.0,50.260000000000005,54.839999999999996,62.4,64.52,53.1,0.0,50.64,0.0,0.0,0.0,50.38,73.0,0.0,0.0,0.0,61.480000000000004,51.019999999999996,0.0,56.52,0.0,50.660000000000004,0.0,0.0,51.6,0.0,0.0,0.0,0.0,54.0,64.17999999999999,0.0,0.0,0.0
Orange is the New Black,60.760000000000005,52.46,0.0,0.0,65.62,60.510000000000005,65.44,0.0,0.0,0.0,63.67,55.629999999999995,64.72,0.0,55.38,52.65,0.0,0.0,55.21,63.529999999999994,53.32,0.0,60.37,67.08,64.01,51.910000000000004,65.1,0.0,61.279999999999994,0.0,0.0,65.75,52.730000000000004,0.0,58.36,50.61,55.48,54.57,0.0,0.0,0.0,0.0,69.85,66.3,0.0,0.0,51.18,0.0,58.980000000000004,60.089999999999996,56.4,0.0,0.0,68.36,52.81999999999999,0.0,0.0,54.68,71.38,0.0,0.0,0.0,54.44,0.0,0.0,0.0,0.0,0.0,0.0,0.0,50.85,0.0,54.230000000000004,0.0,0.0,0.0,0.0,55.31,55.95,53.96,55.15,0.0,52.42999999999999,0.0,0.0,55.510000000000005,0.0,0.0,62.25,0.0,55.08,61.529999999999994,0.0,0.0
Ozark,53.6,70.24,0.0,69.67999999999999,59.870000000000005,61.510000000000005,62.7,53.42,0.0,0.0,56.25,0.0,0.0,0.0,0.0,52.89,68.99,52.13,61.63,76.87,0.0,69.68,61.28,54.989999999999995,0.0,0.0,63.56,63.089999999999996,0.0,0.0,0.0,0.0,0.0,0.0,0.0,0.0,0.0,0.0,0.0,0.0,60.98,0.0,61.65,57.65,64.45,0.0,62.42999999999999,58.69,0.0,0.0,57.15,0.0,0.0,0.0,0.0,57.08,54.81,51.010000000000005,69.02,62.0,0.0,0.0,58.61,0.0,0.0,0.0,0.0,0.0,0.0,0.0,64.67999999999999,0.0,0.0,55.42999999999999,56.339999999999996,63.92,0.0,56.989999999999995,53.870000000000005,55.879999999999995,75.65,61.69,60.129999999999995,76.63,0.0,75.92,0.0,53.760000000000005,70.75,0.0,0.0,64.72,56.39,0.0
Parks and Recreation,51.11,55.05,55.83,0.0,54.82,51.6,56.5,0.0,0.0,53.37,0.0,50.269999999999996,57.89,63.17,0.0,64.27,55.54,0.0,59.260000000000005,67.22999999999999,0.0,0.0,53.980000000000004,50.03,56.31,51.4,0.0,0.0,0.0,0.0,59.269999999999996,67.16,60.980000000000004,54.980000000000004,55.239999999999995,70.38,0.0,67.64,0.0,0.0,0.0,0.0,55.160000000000004,0.0,62.27,0.0,60.489999999999995,0.0,0.0,73.17,68.39,0.0,0.0,51.08,63.02,0.0,54.78000000000001,0.0,0.0,54.63000000000001,54.980000000000004,66.88,0.0,0.0,56.19,58.94,56.160000000000004,53.28000000000001,0.0,0.0,0.0,0.0,54.13,0.0,0.0,0.0,61.4,54.260000000000005,0.0,0.0,0.0,63.870000000000005,0.0,0.0,50.95,0.0,0.0,0.0,0.0,0.0,52.25,0.0,0.0,54.36
Peaky Blinders,60.43333333333333,63.583333333333336,51.699999999999996,58.949999999999996,53.166666666666664,60.1,64.61666666666667,0.0,0.0,0.0,0.0,66.33333333333333,0.0,0.0,0.0,61.68333333333333,70.26666666666667,0.0,63.78333333333334,75.91666666666667,0.0,59.85,62.800000000000004,0.0,52.88333333333333,0.0,66.31666666666666,63.31666666666667,53.333333333333336,0.0,0.0,50.166666666666664,53.050000000000004,0.0,52.833333333333336,0.0,0.0,53.949999999999996,0.0,0.0,0.0,0.0,62.96666666666667,53.38333333333333,61.85,0.0,56.650000000000006,0.0,0.0,55.666666666666664,66.91666666666667,0.0,50.5,52.35,0.0,64.88333333333334,61.1,0.0,66.68333333333334,0.0,0.0,55.35,68.2,0.0,0.0,0.0,50.23333333333333,0.0,0.0,0.0,60.633333333333326,0.0,0.0,0.0,0.0,65.10000000000001,52.81666666666666,61.400000000000006,0.0,51.9,70.48333333333333,62.416666666666664,0.0,67.56666666666666,0.0,71.06666666666666,0.0,0.0,69.21666666666667,0.0,0.0,66.38333333333334,0.0,0.0
Pirates of the Carribean,69.4,58.2,0.0,0.0,54.96666666666667,63.199999999999996,69.68333333333334,0.0,0.0,0.0,54.06666666666666,62.73333333333333,54.13333333333333,0.0,0.0,71.25,54.56666666666666,0.0,66.69999999999999,71.48333333333333,0.0,51.9,64.53333333333333,52.6,62.78333333333333,0.0,67.53333333333333,53.583333333333336,56.28333333333333,51.833333333333336,0.0,58.86666666666667,0.0,0.0,0.0,54.96666666666666,0.0,62.06666666666667,0.0,0.0,0.0,0.0,65.69999999999999,57.86666666666667,61.13333333333333,0.0,53.1,0.0,0.0,59.199999999999996,61.199999999999996,0.0,0.0,63.8,0.0,66.66666666666667,52.6,54.98333333333333,63.983333333333334,0.0,0.0,0.0,58.53333333333333,0.0,0.0,54.23333333333333,0.0,0.0,0.0,0.0,0.0,0.0,0.0,0.0,54.199999999999996,0.0,50.18333333333334,0.0,0.0,56.76666666666667,64.56666666666666,61.416666666666664,57.11666666666667,57.550000000000004,0.0,53.333333333333336,0.0,55.46666666666666,67.35000000000001,0.0,0.0,61.86666666666667,0.0,0.0
Riverdale,65.80000000000001,62.96666666666667,53.1,51.416666666666664,63.96666666666667,52.81666666666666,65.13333333333333,0.0,0.0,0.0,58.15,64.85000000000001,56.15,0.0,0.0,60.583333333333336,0.0,0.0,64.26666666666667,79.18333333333334,0.0,0.0,65.91666666666666,58.333333333333336,61.98333333333333,59.93333333333333,61.550000000000004,50.916666666666664,54.28333333333333,0.0,0.0,50.75,59.400000000000006,0.0,58.21666666666666,0.0,50.300000000000004,60.78333333333334,0.0,0.0,0.0,0.0,63.36666666666667,63.38333333333333,64.75,0.0,57.5,0.0,0.0,61.083333333333336,61.1,0.0,0.0,57.833333333333336,0.0,0.0,55.1,0.0,65.68333333333334,0.0,0.0,61.88333333333333,68.21666666666667,0.0,0.0,52.28333333333333,0.0,0.0,0.0,0.0,0.0,0.0,0.0,0.0,0.0,0.0,54.46666666666667,52.78333333333333,0.0,52.76666666666667,69.3,68.51666666666667,0.0,56.73333333333333,0.0,53.4,0.0,0.0,56.15,0.0,55.53333333333333,63.53333333333333,0.0,0.0
Romeo and Juliet,60.68333333333333,0.0,51.583333333333336,0.0,61.85,55.75,59.416666666666664,0.0,0.0,0.0,56.416666666666664,61.81666666666667,61.416666666666664,0.0,53.666666666666664,63.833333333333336,0.0,0.0,63.68333333333334,63.88333333333333,51.85,0.0,52.03333333333333,67.26666666666667,60.36666666666667,50.699999999999996,0.0,0.0,53.133333333333326,52.31666666666666,51.5,55.550000000000004,59.266666666666666,58.516666666666666,59.733333333333334,59.366666666666674,50.23333333333333,64.86666666666667,0.0,0.0,0.0,50.0,63.016666666666666,62.699999999999996,0.0,0.0,50.28333333333333,0.0,57.699999999999996,68.15,0.0,0.0,0.0,57.43333333333333,66.75,0.0,0.0,51.333333333333336,63.53333333333333,0.0,0.0,0.0,58.46666666666667,56.23333333333333,0.0,55.099999999999994,0.0,51.333333333333336,0.0,0.0,0.0,0.0,50.666666666666664,0.0,0.0,0.0,54.06666666666666,0.0,0.0,0.0,53.25,0.0,0.0,0.0,0.0,57.300000000000004,0.0,0.0,50.75,0.0,66.88333333333334,0.0,0.0,0.0
Scandal,50.5,70.28,0.0,64.94,62.730000000000004,63.15,68.66,0.0,0.0,54.35,0.0,58.970000000000006,0.0,0.0,0.0,58.75,65.37,50.24,66.92,86.16,0.0,66.61,64.01,0.0,0.0,0.0,72.36,64.08,0.0,0.0,0.0,0.0,50.370000000000005,0.0,57.73,0.0,0.0,52.410000000000004,0.0,0.0,56.35,0.0,61.47,0.0,52.629999999999995,0.0,68.99,50.63,0.0,0.0,74.85,0.0,54.7,0.0,0.0,58.17,58.18000000000001,0.0,65.91,58.15,0.0,66.44,65.64,0.0,0.0,0.0,56.230000000000004,0.0,0.0,0.0,60.739999999999995,0.0,0.0,52.06,0.0,59.120000000000005,52.690000000000005,69.4,0.0,52.529999999999994,80.08,76.55,57.629999999999995,77.6,0.0,72.16,0.0,0.0,67.44,0.0,0.0,66.65,0.0,0.0
Schitt's Creek,51.449999999999996,0.0,0.0,0.0,67.75,59.15,60.96666666666667,0.0,0.0,0.0,53.166666666666664,53.86666666666667,65.46666666666667,55.616666666666674,0.0,63.18333333333333,0.0,0.0,50.71666666666667,63.050000000000004,0.0,54.96666666666666,57.333333333333336,62.96666666666667,63.46666666666667,59.766666666666666,53.333333333333336,0.0,59.78333333333333,0.0,59.199999999999996,71.36666666666666,0.0,0.0,0.0,64.05,61.23333333333333,65.73333333333333,0.0,0.0,0.0,0.0,65.83333333333334,50.53333333333333,50.68333333333334,0.0,60.300000000000004,0.0,0.0,66.53333333333333,55.199999999999996,0.0,0.0,63.0,62.166666666666664,0.0,51.73333333333333,0.0,54.86666666666667,0.0,0.0,63.38333333333333,53.21666666666667,58.800000000000004,58.9,0.0,0.0,0.0,0.0,0.0,53.85,0.0,53.21666666666667,0.0,55.03333333333334,0.0,0.0,58.63333333333333,50.43333333333334,60.449999999999996,0.0,54.583333333333336,55.01666666666667,0.0,58.449999999999996,0.0,0.0,50.46666666666667,0.0,0.0,0.0,0.0,0.0,0.0
Scrubs,0.0,52.400000000000006,0.0,0.0,57.13333333333333,63.13333333333333,65.9,0.0,0.0,0.0,55.699999999999996,54.88333333333333,71.51666666666667,60.35,0.0,62.15,0.0,0.0,61.26666666666667,69.15,0.0,0.0,60.300000000000004,56.833333333333336,68.4,0.0,55.666666666666664,0.0,61.983333333333334,0.0,0.0,73.53333333333333,50.833333333333336,0.0,53.63333333333333,56.75,68.01666666666667,67.98333333333333,0.0,0.0,0.0,0.0,72.39999999999999,59.38333333333333,54.43333333333334,0.0,67.01666666666668,0.0,58.666666666666664,63.13333333333333,69.78333333333333,0.0,0.0,77.43333333333332,56.63333333333333,53.65,0.0,0.0,65.19999999999999,0.0,0.0,51.03333333333334,50.4,0.0,54.73333333333333,0.0,0.0,0.0,0.0,0.0,50.166666666666664,0.0,55.666666666666664,0.0,0.0,0.0,0.0,59.083333333333336,50.01666666666667,61.53333333333334,0.0,57.68333333333334,51.43333333333334,0.0,0.0,0.0,52.93333333333334,0.0,55.53333333333333,0.0,56.23333333333333,50.48333333333333,0.0,0.0
Seinfeld,0.0,0.0,0.0,0.0,75.41666666666667,66.76666666666667,61.18333333333333,59.93333333333333,0.0,0.0,57.18333333333333,0.0,79.63333333333334,53.25,52.18333333333334,59.550000000000004,0.0,0.0,50.15,50.75,55.1,52.78333333333333,57.13333333333333,62.15,68.98333333333333,0.0,54.71666666666667,0.0,55.51666666666667,0.0,0.0,68.86666666666666,0.0,0.0,0.0,55.800000000000004,78.95,52.800000000000004,0.0,0.0,0.0,58.5,77.95,54.5,0.0,0.0,58.0,0.0,61.45,55.583333333333336,0.0,0.0,0.0,81.11666666666666,53.73333333333333,54.81666666666666,0.0,0.0,61.666666666666664,0.0,50.36666666666667,51.166666666666664,0.0,62.6,64.4,0.0,0.0,0.0,0.0,0.0,62.93333333333334,0.0,54.51666666666667,0.0,62.76666666666666,0.0,0.0,61.03333333333333,60.416666666666664,65.46666666666667,0.0,0.0,66.06666666666666,0.0,0.0,0.0,55.21666666666667,68.06666666666666,50.199999999999996,0.0,0.0,62.666666666666664,0.0,0.0
Sense8,69.75,69.08,71.42999999999999,0.0,55.010000000000005,0.0,65.02,0.0,0.0,0.0,53.760000000000005,63.08,0.0,0.0,0.0,62.980000000000004,78.99000000000001,0.0,65.36,80.24000000000001,0.0,0.0,62.15,50.57000000000001,0.0,51.55,54.089999999999996,0.0,0.0,57.410000000000004,53.32,59.879999999999995,74.72,63.08,70.39,59.58,0.0,79.86,0.0,64.69,0.0,0.0,0.0,53.580000000000005,66.44,0.0,55.19,53.61,0.0,79.51,75.78999999999999,0.0,0.0,0.0,57.510000000000005,0.0,64.51,0.0,57.67,50.54,0.0,54.61,61.82000000000001,0.0,0.0,56.57,0.0,0.0,0.0,52.61,0.0,0.0,0.0,56.1,0.0,58.57000000000001,66.92,0.0,0.0,0.0,63.95,67.65,0.0,56.65,0.0,54.73,0.0,0.0,70.26,0.0,60.510000000000005,0.0,0.0,0.0
Sex Education,61.32,50.44,59.260000000000005,0.0,64.92,0.0,55.5,51.82,0.0,0.0,58.269999999999996,0.0,51.61,0.0,0.0,51.120000000000005,65.27,0.0,0.0,69.89,0.0,50.279999999999994,58.56,56.78,51.65,53.36,50.63,0.0,54.42,53.87,65.37,64.84,61.269999999999996,57.23,59.519999999999996,60.83,0.0,66.61,52.95,53.27,0.0,0.0,57.31,60.64,59.970000000000006,0.0,56.71,0.0,50.92,73.22,59.79,0.0,0.0,0.0,58.470000000000006,0.0,0.0,50.489999999999995,55.44,0.0,50.290000000000006,0.0,0.0,0.0,0.0,53.0,0.0,0.0,0.0,0.0,0.0,0.0,52.71,52.82000000000001,0.0,0.0,59.589999999999996,0.0,0.0,0.0,54.42,51.32000000000001,0.0,0.0,0.0,50.2,0.0,0.0,50.93,0.0,0.0,0.0,0.0,0.0
Sex and the City,51.48333333333333,52.36666666666667,0.0,0.0,56.1,57.86666666666667,62.93333333333333,0.0,0.0,0.0,0.0,64.36666666666666,57.75,59.43333333333333,0.0,61.699999999999996,55.916666666666664,0.0,54.38333333333333,75.8,0.0,0.0,60.03333333333333,53.0,58.63333333333333,57.46666666666667,54.31666666666666,0.0,0.0,0.0,59.5,65.65,62.53333333333333,50.03333333333333,50.116666666666674,64.91666666666667,0.0,62.75,0.0,0.0,0.0,0.0,60.516666666666666,50.599999999999994,59.35,0.0,59.300000000000004,0.0,0.0,65.14999999999999,62.61666666666667,0.0,0.0,53.96666666666667,62.949999999999996,0.0,54.0,0.0,52.333333333333336,50.13333333333333,0.0,56.916666666666664,59.21666666666667,0.0,51.51666666666667,56.666666666666664,54.0,0.0,0.0,0.0,0.0,0.0,51.949999999999996,0.0,0.0,0.0,57.96666666666667,54.13333333333333,0.0,0.0,0.0,63.56666666666666,56.349999999999994,0.0,0.0,0.0,0.0,0.0,60.01666666666667,0.0,53.199999999999996,0.0,0.0,0.0
Shameless,61.540000000000006,0.0,0.0,0.0,61.39,55.45,60.14,0.0,0.0,0.0,74.1,58.39000000000001,66.07,0.0,0.0,60.39,0.0,0.0,59.010000000000005,56.55,61.75,50.09,60.6,59.790000000000006,67.28999999999999,0.0,64.12,54.61,62.87,53.55,0.0,71.14,0.0,0.0,0.0,54.339999999999996,56.95,56.519999999999996,0.0,0.0,0.0,51.61,67.68,70.78999999999999,58.2,0.0,0.0,0.0,61.809999999999995,59.17,0.0,0.0,0.0,71.03,0.0,63.25,0.0,73.76,73.85,0.0,0.0,0.0,70.59,51.989999999999995,53.93,0.0,0.0,0.0,0.0,0.0,56.86,60.480000000000004,60.82,0.0,50.43,0.0,0.0,0.0,56.510000000000005,66.28,0.0,0.0,52.239999999999995,0.0,0.0,57.339999999999996,0.0,53.36,78.7,0.0,0.0,58.55,0.0,0.0
Sherlock,0.0,60.449999999999996,59.18333333333334,0.0,58.6,0.0,57.71666666666667,55.68333333333334,0.0,63.21666666666667,0.0,0.0,0.0,0.0,0.0,57.116666666666674,66.48333333333333,0.0,58.61666666666667,82.21666666666667,0.0,57.666666666666664,52.0,0.0,0.0,0.0,51.550000000000004,51.96666666666667,0.0,0.0,58.15,51.48333333333333,56.06666666666666,0.0,60.98333333333333,55.35,0.0,73.03333333333333,0.0,51.0,0.0,0.0,50.35,0.0,52.550000000000004,0.0,71.01666666666667,61.28333333333333,0.0,67.36666666666666,73.61666666666666,0.0,56.11666666666667,0.0,0.0,52.78333333333334,64.73333333333333,0.0,0.0,60.949999999999996,0.0,69.33333333333333,50.9,0.0,0.0,0.0,68.03333333333333,0.0,0.0,0.0,55.56666666666666,0.0,0.0,61.06666666666666,0.0,53.61666666666667,58.56666666666667,58.75,0.0,51.699999999999996,58.36666666666667,72.75,0.0,67.03333333333333,0.0,56.96666666666667,53.03333333333333,0.0,53.48333333333333,0.0,0.0,0.0,0.0,57.0
Silicon Valley,0.0,51.83,0.0,51.28,57.67999999999999,64.46000000000001,55.2,68.46000000000001,0.0,0.0,54.71,0.0,50.03,0.0,50.7,54.910000000000004,0.0,0.0,56.989999999999995,60.99,0.0,61.61,54.45,0.0,0.0,0.0,52.07,51.03,0.0,0.0,0.0,53.519999999999996,0.0,0.0,0.0,0.0,53.6,50.17999999999999,0.0,0.0,0.0,0.0,61.67,54.129999999999995,0.0,0.0,77.9,56.45,62.61,50.67,62.45,0.0,55.77,0.0,0.0,53.629999999999995,0.0,0.0,59.78,50.239999999999995,0.0,52.410000000000004,62.3,0.0,0.0,0.0,0.0,0.0,0.0,0.0,50.339999999999996,0.0,0.0,57.29,59.45,0.0,0.0,59.629999999999995,58.71,56.160000000000004,57.79,57.95,61.42,60.35,56.32000000000001,55.57000000000001,51.71,56.67999999999999,0.0,0.0,0.0,62.89,0.0,0.0
South Park,54.36,0.0,57.839999999999996,0.0,69.97999999999999,0.0,50.239999999999995,66.88,0.0,53.1,56.0,0.0,54.239999999999995,51.28,51.339999999999996,0.0,52.220000000000006,0.0,0.0,56.58,54.36,53.739999999999995,0.0,57.0,51.18,0.0,0.0,0.0,0.0,0.0,51.36,69.0,51.2,0.0,58.239999999999995,55.1,0.0,61.17999999999999,53.17999999999999,57.52,0.0,50.44,57.86,0.0,0.0,57.06,60.260000000000005,0.0,65.3,62.08,0.0,0.0,0.0,0.0,55.9,61.019999999999996,0.0,51.58,53.12,58.279999999999994,0.0,0.0,56.58,56.82000000000001,54.14,0.0,0.0,57.3,0.0,0.0,54.2,0.0,53.58,51.86,0.0,0.0,52.96,52.32000000000001,0.0,54.36,0.0,0.0,0.0,0.0,54.239999999999995,0.0,0.0,0.0,0.0,57.36,0.0,0.0,0.0,0.0
SpongeBob SquarePants,56.67999999999999,0.0,0.0,0.0,63.32,55.160000000000004,54.239999999999995,0.0,0.0,0.0,51.82,52.67999999999999,73.02,67.52,0.0,71.2,0.0,0.0,60.6,60.1,0.0,0.0,50.38,55.9,72.54,0.0,0.0,0.0,68.34,53.54,50.019999999999996,64.86,54.18,0.0,50.38,61.7,53.720000000000006,61.12,0.0,0.0,0.0,56.0,70.86,58.52,59.75999999999999,0.0,0.0,0.0,57.2,60.08,0.0,0.0,0.0,74.3,55.260000000000005,61.4,0.0,0.0,53.34,0.0,67.86,63.5,0.0,52.06,54.959999999999994,61.8,0.0,56.96,0.0,0.0,0.0,50.78,56.4,0.0,0.0,0.0,0.0,0.0,55.379999999999995,52.48,0.0,54.879999999999995,50.739999999999995,0.0,55.92,0.0,0.0,0.0,0.0,0.0,53.620000000000005,0.0,0.0,0.0
Star Trek: The Next Generation,62.26,76.57,76.1,0.0,0.0,0.0,70.25,0.0,68.03999999999999,54.93,0.0,61.02,50.03,56.97,0.0,73.39,74.31,0.0,73.29,89.14,0.0,52.589999999999996,63.03,50.82,58.45,0.0,0.0,0.0,0.0,0.0,65.84,51.56,72.12,72.16,71.55,69.4,0.0,86.33,0.0,55.169999999999995,0.0,0.0,0.0,0.0,70.88,0.0,66.55,0.0,0.0,81.12,80.92999999999999,0.0,0.0,0.0,56.96999999999999,54.83,70.96000000000001,0.0,0.0,64.8,0.0,75.24,51.71,0.0,55.69,65.78,74.72999999999999,57.370000000000005,0.0,57.239999999999995,0.0,0.0,0.0,58.6,0.0,0.0,75.25,53.739999999999995,0.0,0.0,0.0,85.31,0.0,62.379999999999995,0.0,0.0,0.0,0.0,57.15,0.0,0.0,0.0,0.0,64.44
Star Wars,61.43333333333333,66.11666666666667,59.4,0.0,0.0,57.65,67.6,0.0,50.65,50.13333333333333,0.0,59.166666666666664,52.31666666666666,0.0,0.0,68.66666666666667,68.13333333333334,0.0,66.93333333333334,79.91666666666666,0.0,59.43333333333333,64.23333333333333,0.0,55.550000000000004,0.0,54.95000000000001,55.75,0.0,0.0,55.76666666666667,51.949999999999996,53.199999999999996,56.18333333333334,59.4,54.6,0.0,75.51666666666667,0.0,0.0,0.0,0.0,62.9,0.0,63.85,0.0,58.46666666666667,0.0,0.0,69.53333333333333,70.23333333333333,0.0,53.300000000000004,56.9,0.0,67.11666666666666,59.833333333333336,0.0,53.416666666666664,51.4,50.25,61.71666666666667,0.0,0.0,0.0,0.0,59.333333333333336,0.0,0.0,0.0,50.9,0.0,0.0,0.0,0.0,0.0,57.48333333333333,58.48333333333333,0.0,0.0,56.73333333333334,71.46666666666667,0.0,66.16666666666667,0.0,57.4,0.0,0.0,59.98333333333333,0.0,0.0,0.0,0.0,0.0
Stranger Things,69.15333333333334,62.26,60.82,0.0,65.9,0.0,61.42666666666666,0.0,0.0,0.0,63.88666666666666,51.4,52.54,0.0,0.0,55.8,61.50666666666667,0.0,57.92666666666666,71.01333333333334,0.0,54.193333333333335,61.46000000000001,52.46666666666667,52.00666666666667,0.0,59.78,53.82,53.71333333333334,51.266666666666666,52.35333333333334,61.166666666666664,57.5,0.0,60.419999999999995,54.406666666666666,0.0,74.36666666666667,0.0,50.36666666666667,0.0,0.0,66.9,58.14,62.919999999999995,0.0,57.3,0.0,0.0,70.28,63.5,0.0,0.0,57.306666666666665,0.0,52.89333333333333,50.45333333333333,61.46666666666667,63.519999999999996,0.0,0.0,0.0,69.72,0.0,0.0,0.0,0.0,0.0,0.0,0.0,52.093333333333334,0.0,0.0,0.0,0.0,0.0,54.013333333333335,0.0,0.0,54.986666666666665,60.64,50.57333333333334,0.0,51.35333333333333,0.0,55.193333333333335,0.0,0.0,60.60666666666667,0.0,0.0,0.0,0.0,0.0
Succession,0.0,54.69,0.0,51.57,61.0,72.6,50.65,52.21,0.0,50.42999999999999,55.8,0.0,0.0,0.0,59.88,0.0,0.0,59.14,51.9,71.83,0.0,58.75,0.0,0.0,54.519999999999996,0.0,56.77,55.35,55.13,0.0,0.0,51.58,0.0,0.0,0.0,0.0,52.410000000000004,0.0,0.0,0.0,0.0,0.0,63.53,0.0,0.0,50.42,66.6,0.0,56.75,0.0,51.239999999999995,0.0,52.56,0.0,0.0,55.02,0.0,0.0,60.260000000000005,0.0,50.5,59.629999999999995,0.0,0.0,0.0,0.0,0.0,0.0,0.0,0.0,51.980000000000004,0.0,0.0,50.04,67.81,50.17,0.0,58.55,57.23,59.05,64.59,55.06,73.6,60.510000000000005,50.309999999999995,63.339999999999996,52.42,67.09,0.0,54.55,0.0,61.260000000000005,64.01,0.0
Ted Lasso,52.89,63.63,68.07,0.0,55.15,0.0,61.63,0.0,0.0,0.0,0.0,58.260000000000005,0.0,55.910000000000004,0.0,61.49,60.11,0.0,60.260000000000005,78.78,0.0,0.0,55.95,60.75,0.0,0.0,0.0,0.0,0.0,54.56,62.989999999999995,65.66,67.55,58.21,66.59,64.21000000000001,0.0,73.93,0.0,58.17999999999999,0.0,0.0,0.0,51.67999999999999,55.54,0.0,60.07,50.35,0.0,69.07000000000001,67.44,0.0,0.0,51.15,56.8,56.17,56.370000000000005,0.0,0.0,58.1,53.88,68.65,0.0,0.0,0.0,61.910000000000004,60.120000000000005,52.98,0.0,55.33,0.0,0.0,51.63,0.0,0.0,51.6,64.26,0.0,0.0,0.0,50.07000000000001,70.95,0.0,0.0,0.0,0.0,0.0,0.0,60.89,0.0,53.120000000000005,0.0,0.0,53.85
That 70's Show,59.17,0.0,0.0,0.0,61.339999999999996,61.4,54.2,0.0,0.0,0.0,59.489999999999995,54.69,69.41,64.18,56.72,62.589999999999996,0.0,0.0,52.61,51.45,55.95,0.0,52.54,65.63,67.05,54.29,50.6,0.0,58.96,53.730000000000004,51.83,74.06,0.0,0.0,0.0,63.989999999999995,65.44,58.089999999999996,0.0,0.0,0.0,57.54,67.22,62.419999999999995,0.0,0.0,0.0,0.0,61.010000000000005,64.5,0.0,0.0,0.0,71.48,64.3,0.0,0.0,0.0,67.02,0.0,0.0,51.61999999999999,57.36,61.05,61.029999999999994,56.58,0.0,0.0,0.0,0.0,0.0,59.31,65.56,0.0,51.739999999999995,0.0,0.0,0.0,53.23,59.19,0.0,0.0,57.339999999999996,0.0,56.3,0.0,0.0,52.98,0.0,0.0,62.870000000000005,0.0,0.0,0.0
The Big Bang Theory,0.0,0.0,0.0,0.0,68.52,56.03,54.4,67.12,0.0,57.690000000000005,0.0,0.0,62.63,55.43,54.489999999999995,0.0,0.0,0.0,50.3,68.18,0.0,0.0,51.83,0.0,0.0,61.71,0.0,0.0,0.0,0.0,52.95,61.83,0.0,0.0,52.72,63.06,65.94,58.61,0.0,0.0,0.0,0.0,56.410000000000004,0.0,0.0,50.84,76.03999999999999,55.55,54.35,65.57000000000001,68.41,0.0,50.33,55.78,62.04,0.0,0.0,0.0,50.75,52.489999999999995,50.08,62.35,0.0,50.660000000000004,59.8,0.0,59.19,55.089999999999996,0.0,0.0,53.870000000000005,0.0,51.24,0.0,0.0,0.0,50.72,57.85,0.0,58.44,0.0,62.92,52.44,0.0,64.78999999999999,0.0,58.42,51.160000000000004,0.0,0.0,52.620000000000005,0.0,0.0,0.0
The Boys,50.873333333333335,66.25333333333333,0.0,62.980000000000004,63.24666666666667,60.16,63.233333333333334,0.0,0.0,0.0,53.46666666666667,53.35333333333333,0.0,0.0,0.0,50.559999999999995,64.00666666666666,54.873333333333335,60.6,75.35333333333334,0.0,56.440000000000005,60.026666666666664,62.626666666666665,51.53333333333333,0.0,66.2,60.093333333333334,52.166666666666664,0.0,0.0,0.0,0.0,0.0,0.0,0.0,0.0,0.0,0.0,0.0,53.72666666666667,0.0,58.96666666666667,51.64666666666667,51.96000000000001,0.0,0.0,0.0,0.0,0.0,54.42666666666666,0.0,0.0,51.526666666666664,0.0,55.54666666666667,50.12,0.0,61.980000000000004,0.0,0.0,52.64,55.99333333333333,0.0,0.0,0.0,0.0,0.0,0.0,0.0,57.440000000000005,58.66,0.0,0.0,50.18,53.14666666666667,0.0,61.626666666666665,56.35333333333333,54.080000000000005,71.1,63.25333333333333,60.973333333333336,62.019999999999996,0.0,66.96666666666667,0.0,57.49333333333333,55.986666666666665,0.0,0.0,69.11333333333333,52.81333333333334,0.0
The Breakfast Club,0.0,0.0,0.0,61.71666666666667,70.13333333333334,63.65,53.03333333333333,55.666666666666664,0.0,0.0,0.0,0.0,0.0,0.0,0.0,0.0,57.983333333333334,0.0,0.0,62.28333333333334,0.0,65.25,52.5,56.9,0.0,0.0,57.166666666666664,54.46666666666667,0.0,0.0,0.0,0.0,0.0,0.0,0.0,0.0,0.0,0.0,54.0,0.0,55.35,0.0,65.41666666666666,52.18333333333334,57.48333333333333,67.18333333333332,53.15,52.666666666666664,62.2,53.25,50.75,0.0,0.0,50.86666666666667,0.0,61.0,0.0,0.0,51.73333333333333,53.53333333333333,51.35,50.416666666666664,0.0,52.53333333333333,0.0,0.0,52.11666666666667,0.0,0.0,0.0,70.68333333333334,0.0,0.0,0.0,58.98333333333333,55.5,0.0,68.78333333333335,57.31666666666666,61.43333333333334,66.73333333333333,56.46666666666667,59.449999999999996,60.06666666666666,61.5,71.13333333333334,60.800000000000004,59.06666666666666,0.0,0.0,0.0,56.1,50.1,0.0
The Dark Knight,53.5,69.78999999999999,55.019999999999996,52.230000000000004,0.0,56.12,72.55,0.0,57.21,56.769999999999996,0.0,69.39,0.0,0.0,0.0,75.0,73.61,0.0,73.39,83.99000000000001,0.0,61.07,67.65,0.0,53.46,0.0,62.32,63.089999999999996,0.0,0.0,0.0,0.0,55.910000000000004,54.17,53.36,0.0,0.0,57.760000000000005,0.0,0.0,52.71,0.0,50.17999999999999,0.0,64.77000000000001,0.0,71.81,0.0,0.0,55.07000000000001,69.64,0.0,58.69,0.0,0.0,73.17999999999999,65.37,0.0,52.42,54.61,0.0,70.37,64.32000000000001,0.0,0.0,50.97,63.589999999999996,0.0,0.0,0.0,0.0,0.0,0.0,54.61999999999999,0.0,56.120000000000005,58.85,58.46,0.0,0.0,69.64,77.51,0.0,69.05,0.0,61.92,0.0,0.0,66.88,0.0,0.0,58.279999999999994,0.0,0.0
The Expanse,63.93333333333334,79.93333333333334,64.93333333333334,52.15,0.0,55.53333333333333,74.26666666666667,0.0,59.81666666666666,0.0,50.6,57.73333333333333,0.0,0.0,0.0,73.61666666666667,78.53333333333333,0.0,80.05,88.53333333333333,0.0,65.43333333333334,75.56666666666666,0.0,0.0,0.0,67.61666666666667,68.36666666666666,0.0,51.333333333333336,0.0,55.75,61.53333333333333,62.81666666666667,69.73333333333333,0.0,0.0,78.01666666666667,0.0,0.0,0.0,0.0,62.483333333333334,55.88333333333333,65.60000000000001,0.0,54.38333333333333,51.300000000000004,0.0,67.26666666666667,73.11666666666667,0.0,57.56666666666667,0.0,0.0,63.5,70.76666666666667,0.0,51.81666666666666,58.050000000000004,0.0,68.46666666666667,60.833333333333336,0.0,0.0,51.666666666666664,0.0,0.0,0.0,0.0,0.0,0.0,0.0,50.18333333333334,0.0,59.06666666666666,55.78333333333333,0.0,0.0,0.0,58.53333333333334,80.58333333333333,0.0,75.35000000000001,0.0,65.76666666666667,0.0,0.0,72.55,0.0,0.0,50.88333333333333,0.0,0.0
The Good Place,55.26666666666667,0.0,55.28333333333333,0.0,59.800000000000004,53.81666666666666,52.98333333333333,0.0,0.0,0.0,53.06666666666667,56.68333333333334,73.51666666666667,63.666666666666664,0.0,55.26666666666667,0.0,0.0,55.5,67.03333333333333,0.0,52.25,52.23333333333333,50.800000000000004,69.61666666666666,54.38333333333333,0.0,0.0,56.633333333333326,0.0,65.08333333333334,67.85,62.666666666666664,57.166666666666664,58.85,70.45,55.73333333333333,69.91666666666667,0.0,0.0,0.0,0.0,57.26666666666667,54.199999999999996,51.48333333333333,0.0,63.666666666666664,0.0,51.78333333333333,73.10000000000001,63.0,0.0,0.0,65.91666666666666,60.85,0.0,0.0,0.0,52.78333333333333,0.0,53.51666666666666,59.5,0.0,50.4,62.46666666666667,55.73333333333333,0.0,53.63333333333333,0.0,0.0,0.0,0.0,55.61666666666667,0.0,0.0,0.0,60.25,51.03333333333333,0.0,0.0,0.0,57.949999999999996,0.0,0.0,52.78333333333333,0.0,0.0,0.0,0.0,0.0,0.0,0.0,0.0,0.0
The Good Wife,56.666666666666664,71.08333333333333,0.0,53.083333333333336,0.0,60.550000000000004,73.71666666666667,0.0,64.86666666666666,57.53333333333333,0.0,70.88333333333334,0.0,0.0,0.0,71.0,67.66666666666666,0.0,71.28333333333333,84.71666666666667,0.0,64.83333333333334,72.83333333333333,0.0,56.98333333333333,53.333333333333336,64.91666666666666,64.48333333333333,0.0,0.0,0.0,54.300000000000004,58.35,0.0,0.0,0.0,0.0,64.48333333333333,0.0,0.0,0.0,0.0,52.416666666666664,0.0,74.85000000000001,0.0,74.3,0.0,0.0,59.949999999999996,78.61666666666666,0.0,62.46666666666667,0.0,0.0,0.0,63.76666666666666,0.0,55.96666666666667,58.23333333333333,0.0,71.55,65.01666666666667,0.0,0.0,0.0,64.88333333333334,0.0,0.0,0.0,51.53333333333333,0.0,0.0,54.583333333333336,51.85,60.083333333333336,58.85,50.51666666666667,0.0,55.98333333333333,73.0,78.61666666666666,53.71666666666667,62.833333333333336,0.0,58.06666666666666,0.0,0.0,58.050000000000004,0.0,0.0,56.76666666666667,0.0,0.0
The Lion King,63.56666666666667,56.68333333333334,59.1,0.0,0.0,50.4,66.35,0.0,50.18333333333333,0.0,53.61666666666667,68.66666666666667,59.36666666666667,59.4,0.0,68.5,50.98333333333333,0.0,63.733333333333334,62.11666666666667,0.0,0.0,65.78333333333333,57.23333333333333,69.16666666666667,0.0,50.333333333333336,0.0,60.61666666666667,53.31666666666666,62.4,66.68333333333334,62.03333333333333,56.03333333333333,59.65,65.73333333333333,0.0,74.26666666666667,0.0,0.0,0.0,0.0,56.916666666666664,50.71666666666667,54.6,0.0,50.78333333333333,0.0,51.150000000000006,73.93333333333334,61.01666666666666,0.0,0.0,66.0,54.26666666666667,65.2,0.0,53.18333333333334,61.63333333333333,0.0,52.28333333333334,0.0,0.0,0.0,56.25,60.9,0.0,0.0,0.0,0.0,0.0,0.0,55.36666666666667,0.0,0.0,0.0,57.96666666666667,0.0,0.0,0.0,0.0,54.71666666666667,0.0,0.0,0.0,0.0,0.0,0.0,67.48333333333333,0.0,60.050000000000004,0.0,0.0,0.0
The Office,53.22,0.0,0.0,0.0,58.086666666666666,63.980000000000004,55.54666666666666,58.66,0.0,0.0,58.586666666666666,0.0,61.68666666666666,55.1,52.373333333333335,58.65333333333333,0.0,0.0,56.55333333333333,54.60666666666667,0.0,0.0,54.53333333333333,60.38666666666666,63.38666666666666,52.973333333333336,55.080000000000005,0.0,55.0,0.0,0.0,58.75333333333333,0.0,0.0,0.0,56.266666666666666,65.41333333333334,0.0,0.0,0.0,0.0,54.76,65.69333333333333,61.1,0.0,0.0,53.666666666666664,0.0,62.3,54.666666666666664,0.0,0.0,0.0,59.25333333333333,60.559999999999995,0.0,0.0,0.0,65.03333333333333,0.0,51.35333333333333,53.76,0.0,59.22666666666667,54.38666666666667,52.0,0.0,0.0,0.0,0.0,0.0,0.0,57.34666666666667,0.0,59.76,0.0,0.0,52.05333333333333,59.45333333333333,56.63333333333333,0.0,50.24666666666667,63.059999999999995,0.0,55.78,0.0,0.0,57.38,0.0,0.0,53.973333333333336,58.62,51.126666666666665,0.0
The Simpsons,0.0,0.0,0.0,0.0,65.92,54.626666666666665,50.46,63.486666666666665,0.0,0.0,50.306666666666665,0.0,66.15333333333334,0.0,55.12,0.0,0.0,0.0,52.74,54.42666666666666,0.0,0.0,0.0,60.89333333333333,56.233333333333334,0.0,0.0,0.0,52.64,0.0,0.0,54.666666666666664,0.0,0.0,0.0,54.82,61.913333333333334,51.36666666666667,0.0,0.0,0.0,55.7,58.519999999999996,51.266666666666666,0.0,53.79333333333333,54.74,0.0,56.21333333333334,56.913333333333334,0.0,0.0,0.0,61.25333333333333,59.14666666666667,57.53333333333333,0.0,0.0,54.8,0.0,0.0,51.82,53.21333333333334,61.66,50.74666666666667,0.0,0.0,51.25333333333333,0.0,0.0,52.38666666666666,0.0,51.4,0.0,53.60666666666667,0.0,0.0,57.92666666666666,51.94666666666667,52.806666666666665,0.0,50.94666666666667,56.519999999999996,0.0,51.8,51.02666666666667,60.36000000000001,59.56666666666667,0.0,52.25333333333333,52.82666666666667,51.72,0.0,0.0
The Sopranos,0.0,0.0,0.0,63.510000000000005,67.78,68.18,65.88,0.0,0.0,0.0,54.15,58.25,60.04,0.0,55.16,52.910000000000004,0.0,56.03,55.230000000000004,61.510000000000005,0.0,54.9,62.7,65.44,60.510000000000005,0.0,64.41,57.17,59.39,0.0,0.0,54.790000000000006,0.0,0.0,0.0,0.0,52.29,0.0,0.0,0.0,0.0,0.0,68.23,57.839999999999996,0.0,0.0,0.0,0.0,55.14,0.0,52.9,0.0,0.0,65.99,0.0,58.910000000000004,0.0,0.0,67.7,0.0,0.0,51.879999999999995,58.120000000000005,50.85,0.0,0.0,0.0,0.0,0.0,0.0,63.720000000000006,54.57000000000001,0.0,0.0,57.94,0.0,0.0,61.65,53.879999999999995,60.92,66.03,55.239999999999995,64.66,61.92999999999999,0.0,63.82000000000001,54.839999999999996,55.23,62.73,0.0,0.0,66.13,59.52,0.0
The Umbrella Academy,50.01666666666667,52.86666666666667,54.800000000000004,0.0,62.583333333333336,51.6,54.56666666666666,0.0,0.0,0.0,53.46666666666667,52.70000000000001,0.0,0.0,0.0,0.0,59.833333333333336,0.0,53.849999999999994,71.33333333333333,0.0,54.61666666666667,52.699999999999996,62.833333333333336,0.0,0.0,51.050000000000004,0.0,0.0,0.0,0.0,53.46666666666667,58.88333333333333,50.0,59.4,51.333333333333336,0.0,66.48333333333333,0.0,0.0,0.0,0.0,57.03333333333333,56.26666666666667,52.666666666666664,53.699999999999996,0.0,55.23333333333333,50.6,67.56666666666666,55.78333333333333,0.0,0.0,50.31666666666666,59.26666666666667,59.51666666666667,0.0,0.0,51.21666666666667,55.333333333333336,0.0,52.21666666666667,64.91666666666667,0.0,0.0,0.0,0.0,0.0,0.0,0.0,58.68333333333333,50.416666666666664,0.0,0.0,0.0,57.800000000000004,57.93333333333333,53.48333333333333,0.0,0.0,62.63333333333333,60.583333333333336,0.0,59.71666666666667,0.0,64.98333333333333,0.0,0.0,53.550000000000004,0.0,0.0,51.166666666666664,0.0,0.0
The Walking Dead,61.760000000000005,66.41,53.17,58.3,56.0,51.44,68.17,0.0,0.0,0.0,52.57000000000001,54.64,0.0,0.0,0.0,61.89,66.23,0.0,64.63,77.82,0.0,59.79,65.55,59.55,51.309999999999995,0.0,63.2,60.24,0.0,0.0,0.0,0.0,55.660000000000004,56.53,60.13,0.0,0.0,65.61,0.0,0.0,53.660000000000004,0.0,57.410000000000004,55.120000000000005,63.48,0.0,0.0,0.0,0.0,60.989999999999995,57.1,0.0,0.0,0.0,0.0,68.8,58.870000000000005,56.31,58.410000000000004,62.15,0.0,0.0,52.64,0.0,0.0,0.0,0.0,0.0,0.0,0.0,55.45,55.83,0.0,53.010000000000005,0.0,58.71,53.43,58.220000000000006,0.0,0.0,64.39,64.69,0.0,70.7,0.0,68.21000000000001,0.0,0.0,69.81,0.0,0.0,57.04,0.0,0.0
The West Wing,53.309999999999995,80.78,73.77,0.0,0.0,51.93,77.93,0.0,50.62,57.970000000000006,0.0,67.66,59.8,57.019999999999996,0.0,75.38,73.27,0.0,73.03,90.74,0.0,52.13,71.18,0.0,63.529999999999994,0.0,61.22,59.410000000000004,0.0,0.0,61.239999999999995,73.36,69.02,0.0,69.39,65.61,0.0,83.16,0.0,0.0,0.0,0.0,53.61,0.0,70.87,0.0,82.03,0.0,0.0,78.42999999999999,88.78999999999999,0.0,58.69,58.839999999999996,0.0,57.89,70.86,0.0,51.160000000000004,61.7,0.0,66.84,57.129999999999995,0.0,0.0,59.9,67.69,0.0,0.0,0.0,0.0,0.0,0.0,0.0,0.0,0.0,67.76,52.79,0.0,52.73,51.470000000000006,76.67,0.0,55.92999999999999,0.0,0.0,0.0,0.0,64.49,0.0,0.0,0.0,0.0,0.0
The Wire,54.22,66.74666666666667,0.0,55.48666666666667,50.81333333333334,62.28666666666666,71.28666666666666,0.0,0.0,54.376666666666665,0.0,63.35666666666667,0.0,0.0,0.0,65.87,60.76,0.0,65.57666666666667,71.73,0.0,59.986666666666665,66.53,0.0,56.483333333333334,0.0,67.01666666666667,61.50333333333333,0.0,0.0,0.0,53.730000000000004,0.0,52.24,0.0,0.0,0.0,51.49666666666667,0.0,0.0,0.0,0.0,54.30333333333333,0.0,57.44666666666667,0.0,53.59666666666667,0.0,0.0,50.95333333333334,62.43333333333333,0.0,50.81666666666667,51.47,0.0,74.07333333333332,56.813333333333325,0.0,64.62,51.553333333333335,0.0,55.10333333333333,62.86333333333334,0.0,0.0,0.0,54.943333333333335,0.0,0.0,0.0,56.63333333333333,0.0,0.0,0.0,52.526666666666664,51.50666666666667,52.526666666666664,53.26,0.0,0.0,61.24666666666667,63.336666666666666,54.723333333333336,63.34,0.0,61.20666666666667,0.0,50.93,74.33999999999999,0.0,0.0,61.16,0.0,0.0
The Witcher,64.02000000000001,69.21000000000001,0.0,54.980000000000004,52.4,56.52,63.87,0.0,0.0,52.220000000000006,50.5,61.73,0.0,0.0,0.0,61.38,65.58,0.0,62.910000000000004,81.7,0.0,59.910000000000004,58.73,51.42,0.0,50.3,61.12,60.260000000000005,0.0,0.0,0.0,0.0,52.12,0.0,0.0,0.0,0.0,58.18,0.0,0.0,54.45,0.0,54.74,0.0,61.239999999999995,0.0,65.48,51.739999999999995,0.0,59.07000000000001,69.71000000000001,0.0,0.0,0.0,0.0,0.0,61.620000000000005,0.0,57.839999999999996,52.220000000000006,0.0,54.77,58.06,0.0,0.0,0.0,0.0,0.0,0.0,0.0,51.29,0.0,0.0,55.31999999999999,52.35,62.58,54.379999999999995,53.06,0.0,52.6,71.55,72.82000000000001,50.14,65.17,0.0,67.17,0.0,0.0,59.69,0.0,0.0,59.56,0.0,0.0
The X-Files,50.1,77.76666666666667,65.33333333333334,0.0,0.0,57.26666666666667,77.66666666666667,0.0,56.26666666666667,60.86666666666667,0.0,55.0,0.0,0.0,0.0,77.53333333333333,82.16666666666667,0.0,73.03333333333333,86.96666666666667,0.0,67.76666666666667,72.63333333333334,0.0,0.0,0.0,58.833333333333336,63.733333333333334,0.0,0.0,54.300000000000004,0.0,56.666666666666664,50.5,62.53333333333334,51.166666666666664,0.0,79.9,0.0,0.0,53.79999999999999,0.0,55.699999999999996,0.0,71.46666666666665,0.0,75.46666666666667,62.833333333333336,0.0,70.06666666666666,75.63333333333334,0.0,65.03333333333333,0.0,0.0,65.06666666666666,71.3,0.0,0.0,69.76666666666667,0.0,65.56666666666666,61.03333333333333,0.0,0.0,0.0,65.2,0.0,0.0,0.0,57.23333333333333,0.0,0.0,59.06666666666666,0.0,67.7,62.76666666666667,59.5,0.0,0.0,71.56666666666666,72.63333333333333,0.0,72.2,0.0,66.06666666666666,0.0,0.0,61.13333333333333,0.0,0.0,0.0,0.0,57.06666666666666
This Is Us,56.75,61.33,65.96000000000001,0.0,53.08,0.0,56.81,0.0,0.0,53.589999999999996,0.0,70.76,56.089999999999996,55.6,0.0,56.14,67.97999999999999,0.0,51.37,74.66,0.0,0.0,54.46,60.57,57.739999999999995,0.0,0.0,0.0,0.0,56.010000000000005,73.32,68.12,74.25,65.63,70.68,69.82000000000001,0.0,73.87,0.0,66.32000000000001,0.0,0.0,0.0,0.0,53.339999999999996,0.0,62.589999999999996,0.0,0.0,81.28999999999999,72.33000000000001,0.0,0.0,0.0,67.22999999999999,50.64,66.28999999999999,0.0,0.0,60.33,55.54,61.21,0.0,0.0,0.0,61.86,57.42,56.17,0.0,61.370000000000005,0.0,0.0,54.2,51.629999999999995,0.0,0.0,73.67,0.0,0.0,0.0,55.21,62.970000000000006,0.0,0.0,0.0,0.0,0.0,0.0,57.65,0.0,58.96,0.0,0.0,59.970000000000006
Twin Peaks,59.25333333333333,55.24,50.25333333333333,0.0,53.666666666666664,0.0,60.086666666666666,0.0,0.0,0.0,51.72,62.419999999999995,50.56666666666667,0.0,0.0,57.666666666666664,58.76,0.0,57.24,74.46666666666667,0.0,0.0,57.36666666666667,61.3,55.080000000000005,0.0,55.28,0.0,0.0,0.0,0.0,51.92666666666666,55.526666666666664,60.233333333333334,53.56666666666667,52.36666666666667,0.0,59.61333333333334,0.0,51.21333333333334,0.0,0.0,51.61333333333333,53.14666666666667,51.93333333333333,0.0,0.0,0.0,0.0,62.24666666666667,53.86,0.0,0.0,0.0,55.62,50.36,51.49333333333333,0.0,58.32666666666667,53.04,0.0,57.11333333333334,56.84666666666667,0.0,0.0,53.306666666666665,0.0,0.0,0.0,0.0,0.0,51.39333333333333,0.0,56.03333333333333,0.0,0.0,58.419999999999995,52.22,0.0,0.0,65.61999999999999,58.89333333333333,0.0,55.36,0.0,59.61333333333333,0.0,0.0,59.873333333333335,0.0,50.14666666666667,50.266666666666666,0.0,0.0
Veep,0.0,0.0,0.0,58.53333333333333,81.65,70.76666666666667,58.68333333333333,62.699999999999996,0.0,0.0,61.93333333333333,0.0,67.4,0.0,63.583333333333336,0.0,0.0,61.13333333333333,0.0,65.26666666666667,0.0,58.916666666666664,0.0,58.166666666666664,65.71666666666667,51.833333333333336,59.550000000000004,59.550000000000004,54.133333333333326,0.0,0.0,59.416666666666664,0.0,0.0,0.0,0.0,73.33333333333333,0.0,52.333333333333336,0.0,0.0,53.78333333333333,71.08333333333333,54.63333333333333,0.0,55.51666666666667,61.53333333333333,0.0,69.51666666666667,0.0,0.0,0.0,0.0,67.28333333333333,0.0,0.0,0.0,0.0,60.03333333333333,0.0,0.0,52.28333333333333,53.25,55.300000000000004,50.800000000000004,0.0,0.0,0.0,0.0,0.0,63.6,0.0,0.0,0.0,63.21666666666666,0.0,0.0,67.98333333333333,62.449999999999996,71.5,0.0,52.199999999999996,72.98333333333333,53.9,59.199999999999996,63.166666666666664,66.0,69.16666666666667,0.0,50.5,0.0,65.95,55.36666666666667,0.0
Vikings,73.96000000000001,67.37,0.0,55.46,54.19,57.279999999999994,67.78999999999999,0.0,0.0,0.0,58.239999999999995,63.879999999999995,0.0,0.0,0.0,67.32,60.78,0.0,69.62,80.57,0.0,0.0,70.47,54.9,55.160000000000004,0.0,72.03,62.989999999999995,57.46,0.0,0.0,53.89,55.790000000000006,0.0,50.67,0.0,0.0,56.4,0.0,0.0,0.0,0.0,56.38,54.25,65.22999999999999,0.0,52.269999999999996,0.0,0.0,55.220000000000006,64.94,0.0,0.0,58.18,0.0,67.28,54.660000000000004,52.0,64.49000000000001,0.0,0.0,0.0,56.620000000000005,0.0,0.0,54.33,0.0,0.0,0.0,0.0,0.0,0.0,0.0,0.0,0.0,57.17,51.230000000000004,52.410000000000004,0.0,50.720000000000006,63.160000000000004,69.07000000000001,52.629999999999995,59.07000000000001,0.0,63.67,0.0,0.0,70.07000000000001,0.0,53.839999999999996,66.05,0.0,0.0
WandaVision,59.43333333333333,72.56666666666666,0.0,0.0,52.833333333333336,0.0,68.2,0.0,0.0,50.166666666666664,57.63333333333333,67.66666666666667,0.0,0.0,0.0,64.80000000000001,63.6,0.0,69.03333333333333,84.86666666666666,0.0,52.9,71.66666666666667,51.0,0.0,57.099999999999994,60.766666666666666,54.43333333333334,50.93333333333334,0.0,0.0,64.73333333333332,54.46666666666666,54.46666666666666,55.0,52.199999999999996,0.0,52.93333333333334,0.0,51.63333333333333,0.0,0.0,0.0,0.0,62.833333333333336,0.0,71.6,52.133333333333326,0.0,56.0,78.96666666666665,0.0,0.0,50.03333333333333,0.0,0.0,62.56666666666666,0.0,59.36666666666667,0.0,0.0,59.06666666666666,55.666666666666664,0.0,0.0,0.0,0.0,0.0,0.0,53.199999999999996,51.56666666666666,0.0,0.0,0.0,0.0,50.73333333333333,59.13333333333333,56.0,0.0,0.0,67.93333333333332,67.63333333333334,51.0,59.43333333333334,0.0,63.13333333333333,0.0,0.0,61.23333333333333,0.0,0.0,60.26666666666667,0.0,0.0
Westworld,61.39333333333333,59.99333333333333,50.03333333333333,58.620000000000005,0.0,58.36666666666667,64.77333333333334,0.0,51.806666666666665,55.56666666666667,0.0,63.25333333333334,0.0,0.0,0.0,64.16666666666666,70.72666666666666,0.0,64.8,80.52,0.0,59.78,60.480000000000004,0.0,50.086666666666666,0.0,64.09333333333333,56.526666666666664,0.0,0.0,0.0,0.0,53.29333333333333,55.84,53.559999999999995,0.0,0.0,55.626666666666665,0.0,0.0,61.10666666666667,0.0,50.06666666666667,0.0,57.78666666666666,0.0,59.06666666666667,0.0,0.0,51.61333333333334,63.07333333333334,0.0,53.059999999999995,0.0,0.0,58.93333333333333,58.18,0.0,59.86666666666667,53.28,0.0,65.01333333333334,61.3,0.0,0.0,0.0,55.74,0.0,0.0,0.0,55.36,0.0,0.0,59.94666666666667,0.0,60.54,55.3,59.059999999999995,0.0,0.0,66.81333333333333,72.78,0.0,69.37333333333332,0.0,70.08666666666666,0.0,0.0,57.193333333333335,0.0,0.0,62.49333333333333,0.0,0.0
White Collar,52.51666666666667,83.05,58.88333333333333,0.0,0.0,0.0,71.15,0.0,56.36666666666667,62.550000000000004,0.0,65.73333333333333,61.800000000000004,59.71666666666666,0.0,76.43333333333334,70.11666666666666,0.0,71.45,86.93333333333334,0.0,52.61666666666667,60.03333333333333,0.0,58.75,0.0,0.0,0.0,0.0,56.46666666666667,57.15,71.18333333333334,58.81666666666667,0.0,64.01666666666668,76.95,0.0,75.11666666666666,0.0,55.28333333333333,0.0,0.0,0.0,0.0,68.05,0.0,68.48333333333333,0.0,0.0,79.55,85.66666666666667,0.0,68.64999999999999,50.65,57.73333333333333,52.06666666666666,66.58333333333333,0.0,0.0,56.61666666666667,53.050000000000004,84.21666666666665,0.0,0.0,0.0,0.0,65.14999999999999,51.78333333333333,0.0,53.25,50.166666666666664,0.0,0.0,0.0,0.0,0.0,75.78333333333333,0.0,0.0,51.85,64.63333333333334,78.33333333333333,0.0,52.333333333333336,0.0,0.0,0.0,0.0,71.3,0.0,0.0,0.0,0.0,51.383333333333326
Wynonna Earp,70.08,64.88,68.86,0.0,59.8,0.0,63.32,0.0,0.0,0.0,56.52,63.5,61.68,58.81999999999999,0.0,63.04,66.84,0.0,62.72,78.3,0.0,0.0,58.879999999999995,51.72,55.82,51.720000000000006,57.4,0.0,56.64,57.739999999999995,57.3,82.4,68.92,50.4,66.02,67.62,0.0,81.08,0.0,63.14,0.0,0.0,58.7,53.08,60.17999999999999,0.0,56.1,0.0,50.14,78.58,75.0,0.0,0.0,63.58,55.760000000000005,0.0,0.0,52.22,62.339999999999996,0.0,0.0,0.0,55.6,0.0,0.0,60.1,0.0,0.0,0.0,0.0,0.0,0.0,61.14,0.0,0.0,0.0,67.84,0.0,0.0,0.0,52.82000000000001,60.5,0.0,0.0,0.0,0.0,0.0,0.0,62.279999999999994,0.0,57.7,0.0,0.0,0.0
Yellowjackets,56.01666666666667,65.41666666666666,0.0,64.21666666666667,64.15,60.5,59.98333333333333,0.0,0.0,0.0,50.25,51.9,0.0,0.0,0.0,0.0,64.01666666666667,50.01666666666667,69.21666666666667,75.26666666666667,0.0,64.11666666666667,66.58333333333334,54.73333333333333,52.78333333333333,56.916666666666664,64.83333333333334,57.550000000000004,50.666666666666664,0.0,0.0,52.68333333333334,53.833333333333336,50.083333333333336,53.28333333333334,0.0,0.0,0.0,0.0,0.0,0.0,0.0,64.33333333333334,53.15,52.900000000000006,52.0,51.79999999999999,0.0,0.0,0.0,61.550000000000004,0.0,0.0,0.0,0.0,0.0,54.25,0.0,66.69999999999999,0.0,0.0,54.083333333333336,56.48333333333333,0.0,0.0,0.0,0.0,0.0,0.0,0.0,54.050000000000004,0.0,0.0,52.26666666666667,0.0,50.050000000000004,0.0,53.550000000000004,51.333333333333336,0.0,74.05,69.55,58.800000000000004,61.166666666666664,0.0,66.28333333333333,0.0,0.0,63.48333333333333,0.0,0.0,61.56666666666666,50.31666666666666,0.0
